0,0,0,3.329708003,0
0.3329708,0.3329708,0.03329708,-6.428760889,0.06283175
-0.309905289,-0.309905289,-0.030990529,1.423590179,0.125662879
-0.167546271,-0.167546271,-0.016754627,-9.338556242,0.188492769
-1.101401895,-1.101401895,-0.110140189,-2.961722204,0.251320798
-1.397574115,-1.397574115,-0.139757412,1.417358277,0.314146346
-1.255838288,-1.255838288,-0.125583829,3.078589647,0.376968794
-0.947979323,-0.947979323,-0.094797932,-6.077765066,0.439787522
-1.555755829,-1.555755829,-0.155575583,7.964417765,0.502601909
-0.759314053,-0.759314053,-0.075931405,-3.093939307,0.565411335
-1.068707984,-1.068707984,-0.106870798,-5.695041095,0.628215182
-1.971182893,-2.304153694,-0.163821209,-1.510482905,0.691012827
-1.479355095,-1.169449806,-0.178926038,-7.326518035,0.753803653
-2.354365917,-2.186819646,-0.252191219,-3.700758077,0.81658704
-1.7905861,-0.689184205,-0.289198799,-7.073612104,0.879362366
-2.20177509,-0.804200975,-0.359934921,-7.124852579,0.942129014
-3.055996176,-1.800157888,-0.431183446,8.383479958,1.004886364
-2.525507144,-1.577527822,-0.347348647,0.808391474,1.067633795
-1.836891491,-0.281135661,-0.339264732,-4.748625699,1.13037069
-3.108195837,-2.348881784,-0.386750989,6.348494611,1.193096428
-2.163952445,-1.095244461,-0.323266043,-1.132844857,1.255810391
-1.707732821,0.263450072,-0.334594491,-8.545611033,1.318511959
-2.411245634,-0.931890539,-0.420050602,-3.13686956,1.381200514
-1.992280787,0.36208513,-0.451419297,4.543710525,1.443875438
-1.167833926,0.622752174,-0.405982192,8.31685328,1.506536111
0.371212612,2.572987702,-0.322813659,-5.675629168,1.569181915
0.516134953,3.572131129,-0.379569951,4.226496946,1.631812231
0.100436652,2.625943796,-0.337304982,-0.841029547,1.694426443
-0.06450545,1.77238604,-0.345715277,5.53445218,1.757023931
0.963802338,4.071998175,-0.290370755,-1.037041202,1.819604078
0.225248756,2.389201201,-0.300741167,6.512450421,1.882166266
0.989778284,2.697511105,-0.235616663,-2.114469094,1.944709878
1.632892478,4.044138112,-0.256761354,0.595376526,2.007234297
2.006117087,3.998397873,-0.250807589,-6.134018446,2.069738905
0.938344189,2.106178116,-0.312147773,8.098668086,2.132223086
0.91652567,0.545313058,-0.231161092,4.937023081,2.194686222
1.977790895,1.461655942,-0.181790862,11.95396319,2.257127697
2.750537519,2.650100868,-0.06225123,10.16501251,2.319546896
3.851141725,3.915647175,0.039398895,5.748164159,2.381943202
3.872512923,2.908710585,0.096880537,0.388714473,2.444315999
4.015088491,3.789839734,0.100767682,-5.87824279,2.506664671
2.776019169,1.786240885,0.041985254,1.191682191,2.568988604
3.106634298,1.47374182,0.053902076,4.714362329,2.631287182
3.518532878,1.512415792,0.101045699,-2.243262668,2.69355979
3.907608456,2.969264267,0.078613072,2.673240721,2.755805814
3.365065719,2.448540049,0.10534548,-4.105690689,2.818024639
2.460794342,0.483003447,0.064288573,12.21967742,2.880215651
2.487365766,-0.263171754,0.186485347,10.38354146,2.942378237
2.509218661,-1.341923064,0.290320762,5.126488162,3.004511782
2.447051061,-1.425461862,0.341585643,10.69941183,3.066615675
3.478120797,-0.536967694,0.448579761,0.749067793,3.128689301
4.140851855,1.364832686,0.456070439,-2.917195977,3.190732048
3.729964038,0.62332974,0.42689848,0.652254122,3.252743304
3.323753218,-0.194779661,0.433421021,9.739548516,3.314722457
4.522034336,0.61442588,0.530816506,3.022349732,3.376668894
4.556945237,1.191879518,0.561040003,-2.121751371,3.438582006
4.755339169,2.294544826,0.53982249,-6.266407471,3.50046118
2.906730679,0.419364914,0.477158415,-5.080510779,3.562305805
1.360325455,-1.148893206,0.426353307,-4.374958827,3.624115273
0.410180756,-2.036870305,0.382603719,7.763391232,3.685888971
0.116578697,-3.3615421,0.460237631,2.811271098,3.747626292
0.322799028,-3.818052827,0.488350342,-4.37862631,3.809326625
0.176655994,-3.553308044,0.444564079,-0.245247337,3.870989361
0.086905848,-3.236847369,0.442111606,-5.560424531,3.932613892
-1.443091456,-5.965125792,0.38650736,5.025959018,3.99419961
-1.242730528,-5.799675765,0.436766951,3.748049464,4.055745907
-0.655750444,-5.411089613,0.474247445,6.83692147,4.117252175
0.65458245,-2.25214823,0.54261666,12.59042481,4.178717808
2.421676009,1.061350554,0.668520908,-1.106697381,4.240142198
2.748502154,2.338321397,0.657453934,1.043608124,4.30152474
2.076523843,1.959945146,0.667890015,9.640106531,4.362864828
2.759407386,2.436608359,0.764291081,-0.418404365,4.424161856
3.155429581,2.978773586,0.760107037,5.207140896,4.485415219
3.700668404,3.613762556,0.812178446,9.351370114,4.546624313
5.191847868,6.634939325,0.905692147,1.327081678,4.607788534
4.821960134,6.064690662,0.918962964,9.331069728,4.668907277
5.380262161,6.036012605,1.012273661,11.87746169,4.72997994
5.884316183,5.229733733,1.131048278,-0.492802767,4.791005921
4.575993425,2.154317416,1.12612025,1.963094952,4.851984616
4.882972658,2.134470504,1.1457512,10.96314896,4.912915424
5.874926742,3.798402899,1.25538269,9.629712378,4.973797743
5.873887326,3.11447994,1.351679813,4.968518783,5.034630973
6.412579641,3.257150061,1.401365001,8.189755848,5.095414514
6.710841137,3.010172733,1.48326256,11.23019077,5.156147764
6.898723202,1.706875334,1.595564467,9.947648398,5.216830126
7.760779874,2.93881974,1.695040951,0.350704951,5.277460999
6.862743396,1.482481235,1.698548001,12.02815714,5.338039786
6.877812941,0.993496758,1.818829572,0.729257397,5.398565889
7.000018957,2.424025533,1.826122146,5.403241049,5.45903871
7.344033567,2.461060909,1.880154557,-4.394996282,5.519457653
5.808219043,-0.066707699,1.836204594,11.40436059,5.579822121
5.985683864,0.111796538,1.9502482,0.18100258,5.640131518
5.506932244,-0.905647398,1.952058226,-2.851986815,5.700385249
4.402757977,-2.308083159,1.923538357,2.316046686,5.76058272
3.511343569,-3.387379633,1.946698824,-2.61959255,5.820723337
2.254619474,-5.5061604,1.920502899,9.497112247,5.880806505
3.169260204,-3.693483193,2.015474021,4.625451114,5.940831632
2.428989602,-4.448823339,2.061728532,2.868178195,6.000798125
2.642881681,-4.357137276,2.090410314,12.68671973,6.060705393
3.37122955,-3.972804017,2.217277512,14.39157897,6.120552844
5.249887075,-0.558331967,2.361193301,-0.2811096,6.180339887
4.081340056,-1.904343808,2.325085125,15.92334854,6.240065934
5.655574652,0.148642409,2.54860622,1.441319386,6.299730393
6.084905272,1.682147295,2.548783512,14.17486729,6.359332677
7.270787332,3.759443763,2.783917747,16.10430805,6.418872196
9.143177393,6.888557918,2.97457805,0.758209429,6.478348364
8.269287111,5.100026907,2.967986561,9.552420361,6.537760593
8.761984035,6.332994434,3.032724868,15.87763355,6.597108297
10.06292957,7.42004789,3.252278854,6.608871486,6.65639089
9.455144746,6.083915197,3.238723392,1.825962996,6.715607788
8.198583149,2.948696073,3.287922415,13.36402559,6.774758405
9.563096668,5.481756611,3.478513082,9.158102387,6.833842158
8.886572052,3.2309974,3.585198934,4.594297464,6.892858463
9.20186986,3.116964588,3.704407089,12.49046476,6.951806739
9.033429608,1.762642276,3.866319318,3.35789286,7.010686404
7.758788089,-1.384389304,3.970634367,14.68845486,7.069496876
9.151812633,0.882525522,4.188767442,2.08944574,7.128237574
8.40551517,-0.356468865,4.1258271,8.45073888,7.18690792
7.662825703,-2.400103868,4.202250574,10.88049936,7.245507334
8.089988491,-1.365156256,4.358541824,11.94969964,7.304035238
9.102362155,0.903779006,4.414553875,3.108402857,7.362491054
8.076799882,-1.486296786,4.456966352,14.5133629,7.420874205
8.612325933,-0.274246119,4.687556091,9.083234339,7.479184115
9.06121962,-0.14065024,4.80975713,3.702604784,7.537420208
8.182433622,-0.850995986,4.801346073,1.203738575,7.59558191
7.967018194,0.208230105,4.730214926,7.117827522,7.653668647
7.20995546,-1.941857173,4.858149493,6.887574794,7.711679846
7.689768365,-0.715746805,4.884760271,17.50035355,7.769614933
8.594729832,0.931904129,5.068174102,0.725691492,7.827473337
7.579249045,-0.510739446,5.020086495,10.31127157,7.885254487
7.415406238,-1.686955917,5.133569623,10.64731872,7.942957813
8.169297824,0.092497942,5.174918306,13.61072325,8.000582745
8.07903386,-0.533292073,5.332170229,1.467675672,8.058128714
7.317477993,-1.743741627,5.340893221,10.0381873,8.115595153
7.951036245,-0.231397378,5.502615278,4.418491799,8.172981495
8.272511567,0.305493373,5.465813515,-0.218898977,8.230287172
7.538838917,0.328883458,5.414254295,6.699898498,8.28751162
7.520071288,-0.169697077,5.361713648,15.33151049,8.344654273
7.303186982,-1.291542849,5.413378628,-0.845326767,8.401714568
7.146085157,-0.433163888,5.347443718,10.8049496,8.458691942
7.195452959,-0.219953279,5.45160607,13.45954979,8.515585831
7.476676066,-0.692621758,5.644983996,13.58253174,8.572395676
7.473856915,-0.605176946,5.768892491,15.06808649,8.629120914
8.833897997,1.516420003,5.872429733,3.611122652,8.685760986
8.191191532,0.240155287,5.930973586,1.611586961,8.742315333
7.910501048,-0.362010519,5.920357048,6.062739746,8.798783397
8.538664921,0.999826003,6.022041353,-0.278385809,8.855164621
7.84083649,0.320765202,5.89706072,1.064754399,8.911458448
6.414160881,-0.889026102,5.80387285,9.031413805,8.967664322
7.401834938,0.255749781,5.842922106,0.534067924,9.023781689
6.37474677,-0.820706189,5.741268667,1.35240194,9.079809995
5.164031985,-2.312644081,5.747302009,9.690438856,9.135748687
4.774822697,-2.699034218,5.873378357,13.38785202,9.191597212
4.606799249,-4.227098748,6.000734336,18.64111072,9.247355021
6.109798056,-2.081393477,6.089749958,0.87736733,9.303021562
6.036376093,-1.874124956,6.068300134,0.068463331,9.358596285
5.436948451,-3.10171647,6.090202281,9.384617709,9.414078643
6.403248803,-1.437587687,6.246712533,13.77294758,9.469468088
7.674068121,1.25990724,6.435247116,4.254536647,9.524764073
7.196380405,-0.205454533,6.521542071,12.41021148,9.579966053
8.38399476,2.00924799,6.568010273,2.691271085,9.635073482
8.517881675,3.353849689,6.566810273,17.58880319,9.690085817
9.307718108,4.532895411,6.786484568,6.55678068,9.745002515
8.624610974,4.017811725,6.854504848,3.428026423,9.799823033
7.103302545,0.993504489,6.944389358,2.134879361,9.854546831
7.229053748,1.192677655,6.915478561,16.94252309,9.909173369
8.916459724,3.479511273,7.047423298,13.87283925,9.963702107
9.365281878,2.962033075,7.117782476,0.175629096,10.01813251
8.00555003,0.331481909,6.993634518,17.99366721,10.07246403
9.379463086,2.183082681,7.184638164,18.20830737,10.12669615
9.959272676,1.575277916,7.356285157,2.94026403,10.18082832
9.98417197,1.466290296,7.289286732,15.15296653,10.23486
9.740588305,0.432870197,7.445000441,7.210086702,10.28879068
9.805918907,1.181307933,7.465029899,8.119792379,10.3426198
10.2750955,3.171792958,7.452714121,10.40721914,10.39634685
11.10232948,3.873275733,7.543515496,14.66310187,10.44997129
10.87438736,1.957927635,7.596835817,1.968242335,10.5034926
9.683927667,0.318645789,7.497743624,12.34525104,10.55691024
10.90088986,2.895339831,7.626124162,3.457572919,10.61022369
9.447280432,0.067817345,7.641068942,2.700826017,10.66343241
7.896532296,-2.062740379,7.558445712,20.04911962,10.7165359
9.607417855,-0.376754115,7.662639785,15.74049419,10.76953362
9.66617062,-0.074417685,7.770359539,19.20251703,10.82242504
10.86541365,1.059494746,7.88048715,14.60013428,10.87520966
11.51344784,1.238352341,7.914186586,13.15555562,10.92788693
11.78828149,0.68595201,7.946265658,5.329465297,10.98045636
10.85491783,-0.019469525,7.996053261,11.63938587,11.03291741
11.82203219,2.138104521,7.992165549,18.7694487,11.08526957
12.46445195,1.563562093,8.172567462,16.05470238,11.13751233
13.7241649,4.276884468,8.279082075,19.92451856,11.18964516
15.44653415,7.550001858,8.522277223,11.5294015,11.24166756
14.59456234,4.987144487,8.523527632,5.123798849,11.293579
13.53289281,3.866722188,8.572955595,9.921326097,11.34537898
12.60477372,1.739360063,8.700688724,7.696769633,11.39706699
11.91443725,0.400989407,8.754495954,7.340667826,11.44864251
11.33294847,-0.45533302,8.854098557,15.97915548,11.50010504
12.39791749,1.542999656,8.91891899,7.717226932,11.55145407
12.0057016,0.183669408,8.949836748,3.49731198,11.60268909
10.47848792,-1.98596403,8.956128086,16.7282881,11.65380959
10.5458465,-3.178318404,8.996543769,8.422096696,11.70481508
9.395604309,-6.050929846,8.936848947,9.098549179,11.75570505
9.152519077,-5.442043265,9.030645534,3.11713568,11.80647899
8.95185276,-4.581040048,8.902583406,8.983109247,11.8571364
8.858031075,-3.74674264,8.978001304,12.42803254,11.90767679
9.331157366,-2.583279885,8.960532957,5.886689242,11.95809966
9.185759508,-2.147188964,8.858356769,13.37993901,12.00840451
8.925837861,-3.472079629,8.984574065,6.107627939,12.05859083
8.764877962,-3.240823634,8.950126141,9.232152253,12.10865815
9.338361989,-1.140125935,8.883671328,11.58922624,12.15860595
8.824455803,-1.721390693,8.933474875,18.3126334,12.20843376
9.813509473,0.417905164,9.098341579,5.989291121,12.25814107
9.502583667,0.35006459,9.024594234,16.23681384,12.3077274
10.81455148,1.862698724,9.095381349,16.02045176,12.35719226
11.51828573,2.66025466,9.209642892,20.08248357,12.40653516
12.28373084,2.952573472,9.28556308,4.300196904,12.45575561
12.1250816,2.939322096,9.29498612,17.80791288,12.50485313
12.56787899,3.64204113,9.326180701,10.75277308,12.55382723
13.03239351,4.267515544,9.412813974,15.13820363,12.60267742
13.62299864,4.284636655,9.479688622,20.03447394,12.65140324
14.46752341,5.643067611,9.571228367,20.41673959,12.70000419
14.67793403,4.86442456,9.655898767,3.748327939,12.74847979
14.45383771,4.951254047,9.662298018,14.57250248,12.79682958
14.28740658,3.472855095,9.662889414,21.3271914,12.84505306
14.81808054,3.299794808,9.785328984,9.011403603,12.89314977
13.71097255,1.427241708,9.838416972,21.74458371,12.94111923
15.45541123,3.330329622,10.04382542,10.30779365,12.98896097
14.7053993,2.137520313,10.07572509,22.15959738,13.03667451
15.84608173,2.813688228,10.22844531,15.12425819,13.08425938
15.84468719,2.221688546,10.20468436,21.88107701,13.13171512
16.0293475,1.561824083,10.41623821,21.52100237,13.17904125
16.13977377,1.461839742,10.52833552,14.957746,13.22623731
17.26071558,2.806877866,10.57143979,12.32781603,13.27330283
17.03624693,2.748840356,10.55861072,20.62465677,13.32023735
16.96599347,2.147912929,10.75018053,4.590694483,13.3670404
16.52392256,2.812950014,10.6957056,20.74159849,13.41371153
16.42362404,0.968212811,10.85893667,15.054754,13.46025027
16.89832007,2.192920769,11.0116732,10.06945915,13.50665616
15.68930625,-0.156775485,11.04536881,11.19718512,13.55292875
15.29659894,-0.548088247,11.00402555,6.558924973,13.59906757
13.76438374,-2.264963758,11.07806807,10.22435626,13.64507218
12.63471913,-3.505054647,11.07226214,17.5394342,13.69094212
12.89288795,-4.367827633,11.11306098,21.35372353,13.73667693
13.7954787,-3.240768238,11.1907729,6.870432914,13.78227617
12.42005631,-4.54593716,11.10879636,12.0190531,13.82773938
13.16289217,-3.361030386,11.19287567,5.350217875,13.87306612
11.62375411,-4.799869925,11.23026198,19.52632492,13.91825593
12.0709112,-4.827408868,11.36489783,9.691742024,13.96330838
12.03313949,-3.656166758,11.46459911,12.89521691,14.00822302
12.20294267,-3.093656272,11.58290373,13.57936656,14.0529994
12.90498683,-0.859396909,11.62838326,13.98705513,14.09763708
13.28125672,0.64653759,11.76291313,7.962997021,14.14213562
12.323613,-0.569274948,11.82901908,19.98205502,14.18649459
12.18644615,-1.609032549,11.93193524,13.89366455,14.23071354
12.88876931,0.468712999,11.93699337,12.07533352,14.27479205
12.89439735,-0.268494821,11.8713356,22.56984332,14.31872966
14.6163599,2.992605785,12.08826036,11.30306483,14.36252596
13.79403389,1.723122683,12.20060637,10.70590421,14.4061805
13.89545011,1.862310615,12.21381924,6.795357028,14.44969286
13.28546412,1.082521447,12.14404333,8.652880037,14.4930626
12.79281547,-0.112171364,12.18802677,23.48687086,14.53628931
13.74279704,0.461540321,12.29879336,13.9172172,14.57937255
14.33821906,2.014606057,12.41105282,16.64041587,14.62231189
14.00405514,1.817608993,12.40156895,11.71197399,14.66510692
13.78588609,0.897116774,12.45312088,15.49197596,14.70775722
14.12755033,1.233152976,12.57376038,20.3855747,14.75026235
13.90912347,-0.70723643,12.75626733,10.65023546,14.7926219
13.84384053,0.049806643,12.69334445,10.89313094,14.83483545
13.8625632,-0.032886903,12.66354737,5.2011573,14.8769026
13.70314323,0.417679113,12.71380265,9.584709204,14.91882291
13.79632615,1.003510682,12.62971307,24.8440129,14.96059598
13.93204035,0.189243313,12.69607013,11.70604563,15.00222139
13.71092319,-0.627295863,12.78372794,21.25610063,15.04369874
14.17249167,0.168436529,12.84475928,18.01219741,15.08502761
14.80251401,1.016627927,12.95278039,19.77799326,15.12620761
15.23111574,1.103565413,13.0693624,6.366795743,15.16723831
13.82923785,-0.079885621,13.02895817,18.55189195,15.20811931
14.6194035,0.775562965,13.06784607,13.60863602,15.24885022
14.890954,1.0283908,13.18425,13.98008181,15.28943063
15.76884645,2.065703224,13.20059831,20.52037265,15.32986014
16.8624128,3.066086652,13.37122631,23.15259005,15.37013834
16.69327051,2.761230162,13.57574395,15.83292228,15.41026486
17.10595818,3.395034985,13.53358198,19.63824224,15.45023927
16.94417234,2.77168067,13.57255946,8.880015511,15.4900612
16.03095415,1.228440138,13.46933444,21.56249807,15.52973025
16.20940463,0.97828889,13.53895808,16.26846329,15.56924603
17.19957139,3.37033354,13.57008716,14.75267251,15.60860815
16.81964944,2.200245946,13.66431923,12.78749822,15.64781621
16.73753566,1.846581658,13.67580035,17.13491968,15.68686984
17.05301945,1.284172994,13.65945506,17.40075002,15.72576864
16.74105719,-0.121355613,13.67291554,14.98682147,15.76451224
15.92448033,-0.768790186,13.62353857,20.46188251,15.80310025
16.38737635,-0.718581827,13.71286338,19.57418432,15.84153228
16.38097056,-0.563201781,13.85736723,14.59891391,15.87980797
16.9528604,0.921906248,13.90414311,17.10894963,15.91792693
16.50750555,0.298100923,13.99826491,16.69515387,15.95588879
16.55017461,-0.649396774,14.09180977,13.11280822,15.99369317
16.38618818,-0.433461257,14.0631463,11.3732954,16.0313397
16.2447679,-0.492767759,14.09970698,20.53936374,16.068828
16.58521231,-0.467807139,14.2701275,19.80959002,16.10615771
16.82609631,0.085039123,14.30094052,11.71561723,16.14332846
16.49897589,0.574495557,14.33387572,16.0401336,16.18033989
16.05680099,-0.330575356,14.40329157,20.33243254,16.21719162
16.13262582,-0.248344742,14.57544454,13.18539285,16.25388329
15.99127371,-0.961586688,14.61746737,19.05581017,16.29041454
16.18595976,-0.32154579,14.68374515,8.856719051,16.32678501
15.40211628,-1.14805833,14.71344545,6.546323331,16.36299435
14.74546779,-1.640720391,14.64510929,20.52816793,16.39904219
15.66095505,-0.583812857,14.78931469,14.12916019,16.43492817
15.01993469,-1.565277619,14.83828477,23.47822317,16.47065195
15.38679801,-1.439298304,14.95717474,21.71847538,16.50621317
16.38708382,-0.111892066,14.99123316,10.2040946,16.54161149
15.80347992,-0.253321075,15.03338119,23.60309311,16.57684654
16.13054598,-0.002079841,15.10704399,24.22828342,16.61191798
17.23483503,1.243561323,15.1891223,14.95929007,16.64682548
16.82518302,0.63922326,15.13789037,20.23185242,16.68156867
17.96269636,2.560580079,15.29720692,18.23199488,16.71614723
19.13126352,4.385795723,15.30144774,13.90776613,16.7505608
18.46922334,2.808268291,15.33299767,22.65248504,16.78480905
19.32155582,4.301621131,15.40814049,24.10224644,16.81889165
19.38395815,3.997160144,15.44881821,7.464844034,16.85280824
17.95859502,1.571511195,15.31929926,16.25863639,16.88655851
18.56404919,2.760569275,15.44440234,10.44854589,16.92014211
17.24859447,1.118048496,15.40316278,8.514981189,16.95355872
15.67726425,-1.557570784,15.27504067,23.49744155,16.98680801
16.5310794,-0.294103626,15.41990105,18.43214662,17.01988964
16.35110882,-1.611587544,15.38677668,10.14992644,17.05280329
15.54290197,-3.588361543,15.38519801,10.73848485,17.08554863
15.22597385,-3.243249491,15.27098688,14.27489141,17.11812535
14.38821448,-4.933341339,15.26249322,11.47084957,17.15053312
13.1250748,-6.258883354,15.15839094,8.663650169,17.18277163
13.24495541,-4.713639606,15.02981742,26.94905158,17.21484054
14.31399693,-4.250052267,15.14973048,21.75975294,17.24673955
15.44511763,-1.80347684,15.24404985,12.57968043,17.27846834
15.85158756,0.174323307,15.16360008,19.66192636,17.31002661
15.46803604,-1.063043361,15.3143124,8.489854294,17.34141402
14.4738068,-1.877302013,15.19179496,10.38225387,17.37263029
14.49703955,-1.045862426,15.14506996,8.234619811,17.40367509
14.24665304,-0.979320802,15.12672156,18.82955832,17.43454813
14.70211973,0.313905251,15.2030453,14.55609449,17.4652491
15.01064423,1.885569431,15.28301699,24.77956398,17.49577769
16.62223561,3.377280198,15.42856907,12.30959122,17.5261336
15.15828957,0.844292643,15.37627064,20.49344932,17.55631654
15.03165921,-0.413458424,15.3676679,22.52588634,17.5863262
16.0262798,0.174692243,15.52422243,25.12100065,17.6161623
16.57218723,1.104151192,15.65524191,7.698220506,17.64582453
16.49302385,2.019217045,15.67872193,19.8817386,17.6753126
17.44297232,2.945932776,15.68227607,19.28788893,17.70462623
18.54829924,4.301646192,15.77823754,12.97564753,17.73376511
17.96290816,3.260788423,15.77904184,9.845679944,17.76272898
17.4918667,2.481222476,15.74170498,21.19973072,17.79151753
17.13388338,0.51164777,15.81383173,17.53361807,17.82013048
17.65628606,2.497996491,15.90953794,20.78981719,17.84856756
17.68592285,2.65426364,15.91761557,17.54529871,17.87682848
17.18786409,1.161584286,15.95413191,14.86501602,17.90491297
16.16226562,-0.409921606,15.98202873,21.03516552,17.93282074
17.49596012,1.002936274,15.96668196,22.66713883,17.96055152
17.77450015,0.331527824,16.0803227,27.50521218,17.98810503
18.59623247,0.047933237,16.24831578,25.31532315,18.01548101
19.83020003,1.867291877,16.43351544,26.53983216,18.04267919
21.49961526,4.007748553,16.61238496,11.09903229,18.06969929
20.48954541,3.355662036,16.48850657,26.95736,18.09654105
21.43191961,3.775633544,16.618908,23.31170345,18.1232042
21.68410823,3.998185382,16.68562088,18.17604296,18.14968849
21.74718266,4.559318571,16.75026157,18.13378038,18.17599365
22.07405909,5.911793469,16.77667961,12.00936834,18.20211941
21.17147937,3.675519249,16.69291755,26.79244111,18.22806553
21.5840096,3.809509455,16.8543396,15.68438727,18.25383175
20.40192711,1.805694639,16.90225217,9.83202121,18.27941781
18.85359692,-0.976603117,16.9485608,10.23870305,18.30482345
17.22348401,-4.27613125,16.95510074,19.61696384,18.33004844
18.07527716,-2.414268251,16.90283025,14.28451381,18.35509251
16.80799254,-4.623927064,16.92861493,26.79912193,18.37995543
17.15673439,-4.527373841,16.98404515,13.81824094,18.40463695
16.72095419,-5.026228468,16.94210558,28.25714265,18.42913682
17.73329041,-4.340768677,17.02689708,22.05317818,18.4534548
18.7376714,-2.433807974,17.1837609,27.49266819,18.47759065
18.80769411,-2.776315495,17.27316866,17.95808313,18.50154414
19.03506369,-1.366863418,17.31666313,25.27503064,18.52531502
20.57936464,1.725767719,17.42961262,9.957827355,18.54890307
20.55127707,3.327793062,17.32398717,27.85464155,18.57230804
21.37504484,3.299767677,17.37100769,21.30991913,18.59552972
22.07758537,5.269592827,17.42577765,8.618881862,18.61856786
20.25956136,3.102826973,17.31558405,24.27096568,18.64142225
21.30483384,4.583879649,17.46949355,14.29825297,18.66409265
19.90894487,2.175654454,17.3968511,27.62405571,18.68657885
20.46603262,1.728361223,17.51040702,11.37945762,18.70888062
18.85471157,0.047017459,17.47667488,9.853171889,18.73099773
18.04422044,-0.990843252,17.44733161,23.43505883,18.75292999
17.86022326,-2.719141377,17.510333,28.20228109,18.77467715
19.68466863,-0.866608434,17.61834831,28.43769855,18.79623902
19.74297433,-1.632070505,17.75285709,23.93782396,18.81761538
20.00576482,-2.071820553,17.7876165,10.27370521,18.83880601
20.17124715,-0.088314212,17.69461171,9.049337368,18.85981072
18.64908432,-2.655749518,17.63911594,26.21935236,18.88062928
19.84119426,-0.067750611,17.73021997,24.96047024,18.9012615
19.57483571,-0.89119691,17.81287313,21.6595074,18.92170718
20.60284069,1.748129124,17.89834013,9.403061994,18.9419661
20.5578297,2.513609259,17.87863779,10.65793348,18.96203807
19.28011717,1.419893906,17.77982349,20.58016088,18.9819229
18.51790514,-1.166763488,17.7875292,22.93609936,19.00162038
17.96774523,-1.775229107,17.89973402,15.32334144,19.02113033
17.10629697,-2.899467844,17.8925661,10.03337131,19.04045254
17.08226358,-3.088983568,17.78957549,24.65278829,19.05958683
18.64260868,-0.006475644,17.90424944,23.60562222,19.07853301
18.38123566,-1.459958598,17.94974756,11.8874578,19.09729089
17.07393442,-2.500901295,17.98005495,14.60399943,19.1158603
16.36838362,-4.23445707,18.06063171,21.26025523,19.13424103
17.55410294,-3.003726756,18.06795258,26.63461511,19.15243292
19.15177111,-0.128346059,18.19300713,10.01789918,19.17043578
18.09554494,-0.422360208,18.05840389,22.36629029,19.18824944
18.03856403,0.070818804,18.06488204,22.44966805,19.20587371
18.75119669,1.644899718,18.18733778,17.00327813,19.22330844
19.44818737,2.365923789,18.12133963,19.54700118,19.24055343
18.93760866,0.294999987,18.0745268,13.04513443,19.25760853
17.88155988,-0.499675778,18.05538525,17.59370104,19.27447357
18.45218421,1.378249791,18.02900373,11.20110845,19.29114837
18.11189511,1.74351149,17.95869487,18.00025796,19.30763278
17.78589538,0.231792439,17.99961979,25.71965474,19.32392663
17.69439935,-1.457371761,18.03029148,14.96655293,19.34002976
18.18926472,0.093719784,17.93893455,28.20757799,19.35594201
18.77339349,0.734829462,18.14636189,21.04145685,19.37166322
18.63257237,-0.11862432,18.19419009,10.44408094,19.38719325
17.97665265,-1.471534721,18.19414544,16.55203528,19.40253193
17.67715606,-1.260452601,18.27451598,24.58203068,19.41767912
18.83084569,0.949285802,18.28536188,15.89412945,19.43263466
18.66088853,0.208704319,18.2599817,11.90714369,19.44739841
18.73149205,0.619596941,18.27755388,28.8251227,19.46197022
19.81397852,2.028083142,18.45842025,15.18000651,19.47634995
18.7600137,1.065614355,18.46747141,17.00132627,19.49053746
18.96349104,0.774226314,18.52277617,12.6115038,19.5045326
17.40388362,-1.369509875,18.56225471,15.26813063,19.51833524
16.82655099,-1.806021376,18.4454455,16.66399869,19.53194524
17.44854277,-0.528109881,18.39448796,20.69272596,19.54536247
17.86261184,0.185455777,18.47561841,12.76957294,19.5585868
16.68136606,-2.149479621,18.40669488,28.96112692,19.57161809
17.98806581,-0.672822716,18.6114076,24.67151571,19.58445621
19.26450301,0.533010962,18.75430022,13.57567817,19.59710105
17.73955856,-2.074419965,18.80771081,12.9497224,19.60955247
17.51653015,-1.243483552,18.74891245,13.99919836,19.62181035
17.21631736,-1.747173677,18.74334349,10.58869143,19.63387457
17.01403612,-0.389847495,18.60143476,25.50112707,19.64574501
18.03733576,1.21078477,18.73335012,24.91096076,19.65742156
18.86203197,1.413489201,18.77752523,28.24099599,19.6689041
19.61685897,1.754247137,18.83467633,18.76600468,19.68019251
20.21650215,3.535136083,18.77112637,21.4722971,19.69128669
19.46761917,1.479553355,18.90886714,17.3333552,19.70218652
18.73380312,-0.530699898,18.8833833,20.12496343,19.7128919
19.38873164,1.649173082,18.89175405,25.5225968,19.72340272
20.64601908,3.129488932,19.01722354,10.51830222,19.73371888
20.29792947,3.081612109,19.02394976,25.60065513,19.74384028
21.79912584,4.785089716,19.06795901,12.1464759,19.75376681
20.46366072,2.426324956,19.01408758,16.74599388,19.76349838
19.64716403,0.785132061,18.97364935,23.7146808,19.77303489
19.19453251,-0.422326461,19.03534317,16.88702568,19.78237626
19.00663461,-1.209867534,19.05556327,23.89873241,19.79152237
19.24927815,-0.21834102,19.08419894,24.84246718,19.80047315
20.00018934,1.266386228,19.10595222,26.53823245,19.80922851
20.64151624,1.252784603,19.09628242,19.67395948,19.81778836
20.05665251,-0.589366568,19.03986879,18.12849669,19.82615262
20.81767196,0.519742492,18.95575543,11.52132797,19.8343212
19.40973924,-2.389386593,18.95997839,10.35811577,19.84229403
19.23090323,-1.232757489,18.79398595,12.13109355,19.85007101
18.7694132,-0.877750833,18.68217985,18.46776377,19.85765209
18.2447215,-0.949811019,18.68509706,20.19579898,19.86503718
18.57559883,-0.431035789,18.70571724,10.89158915,19.87222621
17.2748845,-1.974393646,18.69453945,17.33473406,19.87921911
16.52411119,-3.476078156,18.59996238,27.10631976,19.88601581
16.58091992,-4.060596326,18.7141817,27.03844599,19.89261624
17.31736857,-2.739283944,18.88624595,14.22613402,19.89902034
16.9271323,-3.890539657,18.92612026,29.1206446,19.90522804
18.68706397,-0.722675279,19.02115707,22.95079241,19.91123929
19.94633163,0.715428397,19.10781986,15.09325322,19.91705402
20.2425476,1.473134397,18.99076117,10.46903093,19.92267218
19.44267431,1.197952817,18.95726907,12.61585889,19.92809371
18.6846803,0.109081478,18.80085623,18.11826458,19.93331856
19.40734785,2.132463347,18.7615071,10.41551652,19.93834667
18.71542609,2.191314905,18.59073558,25.82948574,19.94317801
18.58774269,2.006822771,18.6694496,29.55348238,19.9478125
18.83924633,1.521877759,18.71223412,25.09300381,19.95225013
19.92593331,2.998801004,18.86358589,18.90184029,19.95649083
18.90405288,0.21698891,18.77405787,10.58840651,19.96053457
17.66781429,-2.278517343,18.66684275,14.2835112,19.96438131
17.58684008,-2.655707512,18.72348904,10.36690171,19.968031
17.57662716,-1.86604715,18.5844484,25.59207227,19.97148362
18.8742485,0.189568197,18.69738659,20.61852139,19.97473913
19.12427418,-0.283073664,18.62733125,10.4211278,19.9777975
19.12483531,0.409409218,18.61774795,11.83840748,19.98065869
17.72572748,-0.862015205,18.63760031,23.14944581,19.98332269
17.08532383,-1.7539225,18.63474418,20.82737076,19.98578945
16.65876052,-3.267172784,18.56099508,13.59065558,19.98805897
16.12764205,-2.776410824,18.41252465,29.04232425,19.99013121
17.97303383,0.305219539,18.46356965,12.02095394,19.99200615
17.7467781,0.159938015,18.48104214,19.29224676,19.99368379
18.6393126,1.062685441,18.58347123,18.82286875,19.99516409
17.96239225,-0.911856249,18.50950639,11.03755249,19.99644705
17.00429536,-2.11997882,18.37027722,23.12989653,19.99753265
18.27517223,-0.849663075,18.38498111,20.1078791,19.99842088
19.1021194,1.376391911,18.49202928,13.54149881,19.99911174
18.1413247,1.056000868,18.52086493,16.1964461,19.99960522
17.67823223,1.019471707,18.47702778,29.30544953,19.9999013
19.24971163,3.122069574,18.54072129,22.6912457,20
18.61460377,0.641569945,18.61440033,13.78625948,19.9999013
18.79113432,1.044356225,18.65192921,21.57910236,19.99960522
19.01981989,0.380507281,18.62119235,13.17721158,19.99911174
18.45525417,0.492861917,18.51690824,29.63646928,19.99842088
20.31514585,3.310850485,18.69439836,28.52518358,19.99753265
20.85467455,2.579502317,18.8336102,10.82891332,19.99644705
19.92677797,0.824658578,18.72929678,25.09249563,19.99516409
21.08187766,2.94055296,18.71387559,28.67859819,19.99368379
22.33009286,4.651860634,18.90048258,27.91442105,19.99200615
22.19099002,2.94127839,18.95596388,20.55643247,19.99013121
21.97750869,3.362904923,18.93703153,26.58995064,19.98805897
23.25787781,4.466743484,19.03289825,10.09523597,19.98578945
22.10949117,3.089671285,18.9383806,12.05197474,19.98332269
21.99696749,3.541713318,18.928449,19.33482828,19.98065869
20.96680339,0.651657539,18.94586028,29.54259209,19.9777975
21.06854424,0.213869684,19.12927511,17.29077183,19.97473913
21.71473009,1.787952114,19.12218025,21.19985101,19.97148362
21.32546563,0.243587969,19.07698221,11.63234857,19.968031
19.62084066,-2.709252201,19.04364017,23.48690171,19.96438131
19.17808873,-3.012901286,18.99643341,14.49300457,19.96053457
18.57174594,-3.405762754,18.93094889,11.00640829,19.95649083
17.0133917,-6.244486104,18.93657216,26.03559349,19.95225013
18.60742746,-3.502063713,19.03140774,16.04194466,19.9478125
19.00642445,-2.990543037,18.94600688,26.97413954,19.94317801
19.77035557,-1.196447811,19.05680698,28.22224011,19.93834667
19.63832038,-1.430223859,19.21995795,11.75679728,19.93331856
19.08492292,-2.629807165,19.04927469,16.06725483,19.92809371
18.5716633,-2.753802322,19.05814718,9.988303264,19.92267218
18.40725877,-1.21358189,18.98801695,29.6461356,19.91705402
19.02318216,-0.154906566,19.15836326,15.44100191,19.91123929
19.1179819,0.546235958,19.16009198,22.31479547,19.90522804
20.24882062,3.235428911,19.21659994,27.38157861,19.89902034
20.38341913,1.775991671,19.28348847,28.43213372,19.89261624
21.62243803,2.616013584,19.44011408,20.14897529,19.88601581
20.93992161,1.169566034,19.35199256,16.36136125,19.87921911
19.75383372,0.115513345,19.26889102,29.75846165,19.87222621
21.55400016,2.469077236,19.43071885,24.13042632,19.86503718
22.36031731,3.788654004,19.54252589,12.87958011,19.85765209
22.64944499,4.242186219,19.53132971,13.42950415,19.85007101
21.02778185,2.004599684,19.55973784,13.51617199,19.84229403
20.83529886,1.717316959,19.43988828,21.04848956,19.8343212
20.70866826,0.459847649,19.40126357,25.43011773,19.82615262
20.51352218,0.130103049,19.37315479,23.31229891,19.81778836
20.0015387,-1.620899337,19.41861773,10.4510904,19.80922851
19.03175021,-1.908171401,19.30840567,23.97972588,19.80047315
19.79358667,0.039752948,19.37486937,20.2366463,19.79152237
18.84140514,-2.712595022,19.3759862,27.51303966,19.78237626
19.17966647,-3.180650838,19.39589063,25.21445076,19.77303489
20.41315354,-2.236291457,19.54285212,16.47212315,19.76349838
20.71741544,-0.310366412,19.4515668,22.63647338,19.75376681
21.62944557,0.794146719,19.55646677,12.44241884,19.74384028
20.7688385,0.060170238,19.51343102,15.09433851,19.73371888
19.73526058,-0.778261596,19.4272276,11.6987467,19.72340272
18.57390536,-1.427633337,19.37534481,17.53420271,19.7128919
19.28221659,0.250466382,19.31169951,25.86022618,19.70218652
19.47026662,-0.323320051,19.3218771,28.46550584,19.69128669
20.29315257,1.451747436,19.34114983,25.18343349,19.68019251
20.06019196,0.880525485,19.39624457,19.87420991,19.6689041
19.52616787,-0.886985666,19.41370171,14.21830572,19.65742156
19.30078613,-1.416629309,19.44067148,21.31228248,19.64574501
19.16836704,-2.461078538,19.55021315,11.28126016,19.63387457
19.05225117,-1.716587333,19.54171482,13.17712584,19.62181035
18.8605299,-0.874730677,19.48880844,22.85721635,19.60955247
19.97637687,1.402471508,19.51542261,28.00946879,19.59710105
21.02390348,1.741686887,19.68660141,20.61488327,19.58445621
20.49936919,1.029102566,19.7194029,10.82647557,19.57161809
18.73546616,-1.557686414,19.55660446,26.52090871,19.5585868
18.86921368,-1.190978274,19.55142909,26.664516,19.54536247
19.54824429,0.022076419,19.67581291,26.06772586,19.53194524
20.7331863,1.432400176,19.64528372,20.76779441,19.51833524
20.6787375,1.51037046,19.62345374,27.94898982,19.5045326
22.34551046,3.293259292,19.7520111,28.98474434,19.49053746
23.92627231,5.06574241,19.93716824,16.52509363,19.47634995
23.29306004,3.316683173,19.97626059,11.79381546,19.46197022
21.67149471,0.647591231,19.91301609,20.90667322,19.44739841
21.7006737,1.201304517,20.01792766,19.76095267,19.43263466
22.59412141,3.858655253,19.95724233,22.62634157,19.41767912
22.2046647,3.335451017,19.88797092,14.17815459,19.40253193
20.95602856,1.407784268,19.77882243,18.75349101,19.38719325
20.22460507,-0.508581231,19.77733894,25.45097595,19.37166322
20.69292323,0.01418573,19.92596463,20.65062374,19.35594201
19.96308662,-2.382423843,19.98963576,25.64798384,19.34002976
19.62941057,-4.296861743,20.14244658,27.10593189,19.32392663
20.68749439,-2.605565646,20.15758517,25.74065938,19.30763278
22.08217879,0.410684081,20.20880655,27.65944196,19.29114837
22.75745566,1.05678196,20.3811897,25.73649692,19.27447357
23.35501009,0.760888676,20.52017059,16.54146667,19.25760853
22.7465226,0.541857899,20.4540908,26.90552477,19.24055343
24.01925961,3.063231057,20.51487234,16.4977248,19.22330844
23.79368299,3.569077921,20.54394303,15.51663445,19.20587371
22.80024884,2.107325616,20.40868613,21.69715013,19.18824944
22.90490148,2.941814863,20.5054481,9.473818459,19.17043578
21.28748494,1.658074375,20.40726381,28.54218334,19.15243292
21.43111009,0.743615694,20.50445696,22.99654344,19.13424103
21.15669849,-0.925480294,20.62404687,23.12531523,19.1158603
20.70328582,-2.054169842,20.62400105,15.8898695,19.09729089
19.71862308,-3.63638701,20.58182096,16.92202149,19.07853301
19.75667856,-2.989844037,20.61562619,9.712916354,19.05958683
18.03741772,-5.981841895,20.55079089,11.06085991,19.04045254
17.49373123,-6.299951764,20.36834499,23.14020112,19.02113033
18.2560879,-4.544160947,20.37283455,9.776688839,19.00162038
17.06404177,-5.840859715,20.33273884,25.72771933,18.9819229
18.68943185,-2.59805309,20.37422501,10.58802079,18.96203807
16.8940156,-4.537094489,20.3483331,16.89723753,18.9419661
16.28408501,-4.872613485,20.22094078,21.29970344,18.92170718
16.10152383,-4.60176199,20.14868598,17.65613525,18.9012615
16.27815041,-3.440472671,20.2169582,16.62415442,18.88062928
16.2483637,-3.508314861,20.13227479,22.18705216,18.85981072
17.49577728,-0.541640439,20.06735933,12.53614556,18.83880601
17.64330584,0.149574616,19.91357657,27.66259405,18.81761538
18.09554514,-0.160542757,19.98463819,28.48481767,18.79623902
19.96635802,2.902316255,20.00358686,19.15945972,18.77467715
19.30953206,0.620100207,20.0942291,10.63789442,18.75292999
19.31451942,2.420503825,20.0800883,27.82381637,18.73099773
20.40717731,4.123092299,20.16497818,14.40181808,18.70888062
19.71738877,3.615864941,20.01357044,14.21865838,18.68657885
19.37364108,3.095490678,19.9828493,21.53080903,18.66409265
19.86430655,3.615942847,19.98615888,16.51916897,18.64142225
19.29751823,1.801740947,20.03502709,12.24147294,18.61856786
19.26805096,1.62474512,19.9225728,10.55642425,18.59552972
17.55743398,-0.538111154,19.88320699,14.63530505,18.57230804
16.17248272,-3.7938753,19.91949596,26.89732542,18.54890307
16.94626929,-2.363262771,19.92811328,15.43948969,18.52531502
17.42642882,-1.888090607,19.92208873,8.983746553,18.50154414
15.54242184,-4.864755473,19.7421848,8.652671637,18.47759065
14.96750719,-4.749881581,19.54648912,23.53675933,18.4534548
15.89931729,-3.474323798,19.66428874,24.42144594,18.42913682
16.18838098,-3.675925569,19.74783065,23.4740572,18.40463695
16.8838698,-2.413648426,19.88268819,25.58300106,18.37995543
18.21802261,-1.050028352,19.84205684,13.92696038,18.35509251
18.55507623,0.997642241,19.82691643,23.73535987,18.33004844
19.46508171,3.292598986,19.84112207,9.060994284,18.30482345
17.68144859,0.735179304,19.65791623,22.65729077,18.27941781
18.4032287,0.976799885,19.6001678,26.72012973,18.25383175
20.17686702,4.634445185,19.66587934,12.28404671,18.22806553
20.54000453,5.572497337,19.6251062,12.04689061,18.20211941
19.39101765,3.491700368,19.44799049,10.25623923,18.17599365
17.97449698,1.786116007,19.30924862,20.82060094,18.14968849
17.70915136,0.825281557,19.38865883,19.83604951,18.1232042
17.1344562,-1.08356641,19.45272428,25.29281181,18.09654105
18.27104135,-0.284034879,19.57049068,26.7126399,18.06969929
18.56876935,-0.896312359,19.62713218,26.12951687,18.04267919
20.27562161,2.594173013,19.63412617,22.80572866,18.01548101
20.2904654,1.887236694,19.62906047,18.08150254,17.98810503
19.42660268,-0.750264342,19.70536459,22.9025269,17.96055152
20.4884507,-0.051553831,19.6945926,17.90683222,17.93282074
21.07444486,1.683427204,19.67129446,27.66298541,17.90491297
22.81511948,4.840622492,19.67279392,15.20904816,17.87682848
22.2539642,4.544812841,19.57273989,12.48508454,17.84856756
21.5188677,4.384411498,19.53286951,27.19549298,17.82013048
21.70913582,3.438094471,19.5784597,12.37857911,17.79151753
20.27572974,1.70696039,19.5778213,18.39425538,17.76272898
19.50220359,-0.773418017,19.61082047,19.35806898,17.73376511
19.15743762,-1.133027775,19.6874137,27.4434346,17.70462623
20.09363083,0.667028151,19.78650601,20.30748979,17.6753126
19.83412712,-0.65432358,19.73097865,11.63279967,17.64582453
19.20672386,-1.867720997,19.56265159,19.94785068,17.6161623
18.43521039,-4.379909087,19.51029576,10.96486909,17.5863262
18.01079248,-4.243171717,19.42120235,7.820644623,17.55631654
17.54434849,-3.974519211,19.35722574,23.8337114,17.5261336
17.20817033,-4.500965485,19.38244003,18.83641809,17.49577769
17.85395423,-2.421775508,19.45799161,7.563110259,17.4652491
16.77083972,-2.731363872,19.40185145,11.13177422,17.43454813
15.94821024,-3.209227379,19.28459703,26.53601686,17.40367509
15.85746847,-4.23616236,19.26986251,10.49839261,17.37263029
14.87655875,-4.957568367,19.16869761,23.13223744,17.34141402
16.02650253,-3.180221333,19.29175523,11.69711394,17.31002661
15.20142885,-3.233781534,19.14351728,10.50049274,17.27846834
15.15499122,-2.855801262,18.98187705,18.2653992,17.24673955
16.19946668,-1.344881812,18.90385378,11.94970397,17.21484054
15.01106593,-2.197104397,18.81567287,13.76600636,17.18277163
14.50402476,-3.34992947,18.67384304,16.99827398,17.15053312
15.44754113,-1.323298585,18.55397834,14.69164406,17.11812535
15.80352812,-0.144682126,18.53564384,24.49014848,17.08554863
15.59894128,-0.258527189,18.66260717,16.98828781,17.05280329
16.2479308,1.371372049,18.62342332,15.94605879,17.01988964
15.52931293,-0.497189594,18.58527438,8.15663649,16.98680801
15.17526519,-0.026163666,18.44057733,8.882523193,16.95355872
15.01346823,-0.141522986,18.38762101,8.797418278,16.92014211
14.06667014,-2.132796536,18.28806029,12.55781448,16.88655851
14.12748119,-0.883584743,18.15912867,13.07824265,16.85280824
14.05870482,-0.44531994,18.08340486,7.493148861,16.81889165
13.10819231,-2.339348825,17.90185651,25.55264414,16.78480905
14.19429232,-1.6092358,17.88632363,21.38113968,16.7505608
13.88339144,-1.715549842,17.84272844,13.56051524,16.71614723
13.54061418,-2.70731662,17.70173917,23.87213954,16.68156867
14.33322225,-1.19609068,17.68309559,15.41545451,16.64682548
15.05910406,-0.116161132,17.67183547,7.049174685,16.61191798
14.87576921,-0.137699028,17.47327197,16.98435219,16.57684654
15.6944626,1.627792456,17.47813825,22.30913154,16.54161149
16.6695943,2.542113112,17.54606322,12.10670485,16.50621317
16.57244052,2.513735703,17.45015876,20.14512793,16.47065195
17.83763843,4.729446123,17.55687186,13.86713583,16.43492817
16.6690876,2.474795284,17.41012138,13.66397999,16.39904219
15.89737163,2.013980195,17.31679575,14.91355402,16.36299435
16.03267551,2.49206133,17.23467814,22.33762051,16.32678501
15.87922361,1.546001352,17.29915565,21.53904444,16.29041454
16.4915826,1.432478542,17.34532588,7.407500477,16.25388329
16.52741518,1.651645972,17.32227172,19.23019704,16.21719162
16.75199966,1.057537065,17.40396509,24.70065877,16.18033989
16.99115239,0.321558082,17.41956967,13.21518311,16.14332846
17.10200021,0.529559688,17.45395461,19.3110046,16.10615771
17.01858788,-0.819050553,17.38978746,9.843350751,16.068828
16.61620937,-0.052878231,17.38234076,10.39220317,16.0313397
16.28903169,0.391660056,17.31729042,24.38404567,15.99369317
17.23608085,1.203405343,17.34813384,21.89168017,15.95588879
17.19148682,1.312263212,17.39048929,19.08172252,15.91792693
16.94575463,0.454172029,17.41506497,9.062626292,15.87980797
17.11126721,0.583852031,17.28382071,13.35636486,15.84153228
16.52388399,-0.228115672,17.2920229,22.39427272,15.80310025
16.29324539,-0.697907,17.23933969,11.22330724,15.76451224
16.0940578,-1.007942413,17.06672459,20.0167967,15.72576864
16.16463701,-0.853950868,17.07529796,11.30226043,15.68686984
16.31052798,-0.305681392,17.08194162,16.8683357,15.64781621
16.95814123,0.669109543,16.97238681,23.33132697,15.60860815
16.85286936,-0.383211492,17.0616819,21.16507055,15.56924603
16.7802084,-0.411278421,17.13114602,7.314521713,15.52973025
15.60348832,-1.34226631,16.98898315,23.1550786,15.4900612
17.01273355,-0.098533661,17.05534224,16.44033291,15.45023927
17.32113035,0.797246362,17.09733084,23.46673828,15.41026486
17.42837691,1.135131523,17.22643398,11.306769,15.37013834
17.43672309,1.342665286,17.19314862,19.2355529,15.32986014
17.3585987,1.193961695,17.1165309,7.586414358,15.28943063
16.9870141,0.676486119,17.03800014,20.15535066,15.24885022
17.31571559,0.357574362,17.14971619,22.46142033,15.20811931
17.22872493,0.375855568,17.28780367,15.88983773,15.16723831
16.70120165,-0.079006752,17.21133446,14.25906703,15.12620761
17.39565618,1.792167861,17.10971067,19.68329608,15.08502761
17.04847793,0.035744378,17.07180306,5.8619119,15.04369874
15.99063583,-1.330494528,16.87459216,9.786059596,15.00222139
14.62256796,-2.805808952,16.83318316,8.98960913,14.96059598
14.39085197,-3.045871115,16.68572565,9.261217829,14.91882291
13.39341846,-3.965180241,16.68772788,16.42681574,14.8769026
14.2774586,-2.709555495,16.62542313,17.10067787,14.83483545
13.97199132,-3.343724269,16.52922862,7.540155894,14.7926219
12.47986488,-4.748860049,16.48178971,19.36893914,14.75026235
12.82777502,-3.873426627,16.55501019,5.688968,14.70775722
11.97076512,-5.424891062,16.50933748,15.20852212,14.66510692
11.52328772,-5.525190205,16.45321669,21.52011694,14.62231189
13.08910823,-2.9015276,16.47005737,11.96152982,14.57937255
13.30665525,-1.315912709,16.33674455,6.248477518,14.53628931
13.03254209,-1.358309883,16.13210292,11.88104866,14.4930626
13.29452517,-0.098893293,15.98961824,9.817788861,14.44969286
12.63362248,-1.64383612,15.85973884,12.82997441,14.4061805
12.20655214,-1.765439187,15.80722356,24.075003,14.36252596
13.86003685,1.380171968,15.81894832,6.222942656,14.31872966
12.5454372,-0.282337821,15.70210943,21.19490516,14.27479205
14.09603092,2.125265798,15.63742862,15.11105208,14.23071354
14.08628391,2.56299619,15.63644866,22.73317501,14.18649459
14.20758972,1.118481493,15.73892957,4.961372857,14.14213562
13.50757402,0.200918774,15.51658837,5.443406677,14.09763708
13.42706694,0.394524851,15.44723664,8.014101882,14.0529994
13.04037226,-0.25415291,15.34343511,5.339647699,14.00822302
12.59255814,-0.041064338,15.2032509,15.4981567,13.96330838
12.85937637,0.652824236,15.08379812,15.93734327,13.91825593
12.0456104,-1.814426447,15.04009665,5.392031905,13.87306612
11.96251932,-0.582917874,14.97768897,22.22321232,13.82773938
12.06535004,-2.030680875,15.00044259,5.394440847,13.78227617
11.09368892,-2.992594995,14.94473831,20.35820368,13.73667693
10.85619178,-3.351397935,15.0701139,8.644501176,13.69094212
11.22450462,-2.283069407,14.9182218,22.12589898,13.64507218
12.89275385,-0.534313092,14.9511166,17.19307782,13.59906757
13.81065144,0.77027918,15.04741628,8.769485024,13.55292875
14.15363517,1.561077028,15.02379339,16.82058386,13.50665616
14.28587789,1.426501516,14.92663906,4.762694932,13.46025027
13.16841305,1.122802655,14.86928208,19.42208174,13.41371153
14.57141804,2.608898713,14.83218052,12.12848965,13.3670404
13.56194577,1.496595731,14.83649428,10.33548728,13.32023735
14.05605041,2.962361497,14.83484423,18.87465325,13.27330283
13.90769537,3.051503588,14.84093677,22.82214652,13.22623731
15.32545991,4.10095529,14.94966119,7.26150489,13.17904125
13.8390205,0.946266651,14.88461618,20.53747703,13.13171512
14.17346042,0.362808978,14.92000821,3.238023932,13.08425938
13.62031431,-0.533320863,14.80547201,16.91238431,13.03667451
13.62949435,-0.656383535,14.72969437,17.04823899,12.98896097
14.85804876,1.689635705,14.73029388,5.165707626,12.94111923
13.43241135,-1.139006689,14.62249037,18.89454688,12.89314977
14.10901707,0.5470713,14.72986947,8.180865196,12.84505306
13.89355486,-0.162495551,14.72285289,14.37314105,12.79682958
13.44340364,-0.464291728,14.77861012,7.830092333,12.74847979
11.94419823,-3.381261681,14.7313329,14.50713237,12.70000419
12.66876097,-1.170259524,14.74562179,9.114875758,12.65140324
11.52650084,-2.646959573,14.76183906,10.77675024,12.60267742
12.28037348,-1.339940834,14.61408012,12.34646568,12.55382723
11.82378161,-1.805712741,14.52373338,15.09343989,12.50485313
11.6283017,-3.229747057,14.53906263,18.37983358,12.45575561
12.9497143,-0.48269705,14.48413957,10.44045546,12.40653516
12.10430516,-2.004711916,14.43438958,16.52298292,12.35719226
12.93851693,-0.955037936,14.52912766,6.432061244,12.3077274
12.14440895,-1.298994697,14.42360475,16.75693798,12.25814107
13.03709351,1.092895287,14.36808282,19.15034331,12.20843376
13.50141461,0.832653633,14.4385192,11.74273711,12.15860595
13.76420074,2.237699896,14.35449529,19.55155172,12.10865815
14.64168089,2.361307413,14.41133945,18.90354601,12.05859083
15.29738892,3.47360731,14.46373511,6.322752376,12.00840451
14.42032017,2.792018468,14.3778271,4.757820071,11.95809966
13.05811882,0.108404522,14.20202909,21.50485086,11.90767679
14.16455836,2.060253205,14.20168716,4.057488352,11.8571364
12.9180089,-0.020508024,14.16818703,2.2915717,11.80647899
12.50395995,0.359551003,13.99880078,10.79053414,11.75570505
11.90731956,-1.129773948,13.85969953,12.76983098,11.70481508
11.26926833,-2.232146274,13.85524601,13.86835372,11.65380959
11.48182999,-2.282370748,13.8008195,3.826251714,11.60268909
9.909299992,-4.732380896,13.74064851,11.00591607,11.55145407
9.119536999,-6.177851924,13.74678564,4.462597797,11.50010504
8.933521541,-5.48679863,13.54757116,2.673173426,11.44864251
8.725056876,-4.333061943,13.3553861,18.327561,11.39706699
8.40732789,-5.75723047,13.34784448,7.665622947,11.34537898
8.76814135,-4.149867554,13.33387445,19.04687482,11.293579
10.44367166,-2.060288288,13.39077955,21.13019012,11.24166756
11.47763726,-0.429682304,13.37813872,19.33288721,11.18964516
12.13394288,0.864674552,13.45923452,10.82548053,11.13751233
11.82965556,0.347825571,13.36732136,2.112725318,11.08526957
11.65830292,1.749002932,13.27542601,15.17100087,11.03291741
12.0748114,2.955274405,13.25845266,8.235881749,10.98045636
12.4521398,3.518618258,13.10749821,14.69780625,10.92788693
13.65460308,4.929546205,13.04282557,8.670529227,10.87520966
12.6888999,4.281572014,13.05638564,4.069692663,10.82242504
12.32930688,3.561165526,12.86553178,5.773056885,10.76953362
11.00192508,0.558253421,12.75885902,16.08056943,10.7165359
10.49696301,-0.980674247,12.68499733,2.001872643,10.66343241
8.763861557,-3.370081326,12.59194837,11.64742525,10.61022369
8.846056029,-2.983599535,12.51606709,2.206129749,10.55691024
8.855396472,-2.802906453,12.46226425,7.640451721,10.5034926
8.102341557,-3.972469847,12.33711526,10.12644049,10.44997129
8.291397431,-4.160742368,12.21376546,1.192672962,10.39634685
6.940884103,-6.713718979,12.06679381,15.20300928,10.3426198
7.594132108,-5.094767796,12.07623323,11.65110349,10.28879068
8.352273191,-3.977033685,11.99591131,11.82117588,10.23486
8.95708509,-2.044839992,12.05550395,11.72271303,10.18082832
8.52129945,-1.975663563,12.07487048,4.258639414,10.12669615
8.746976127,-0.01688543,12.02756078,1.520628959,10.07246403
7.734296498,-1.111759531,11.9501549,7.313181062,10.01813251
8.245001629,-0.610394843,11.85901855,14.27092505,9.963702107
8.908048962,0.805707405,11.83072102,0.510428922,9.909173369
7.946447805,-0.344949626,11.76042375,19.56363747,9.854546831
9.783544256,2.842660153,11.76237073,16.26246286,9.799823033
9.889489614,2.295357506,11.86810568,15.58518125,9.745002515
10.28289739,1.930624199,11.87187227,2.607458244,9.690085817
9.361525626,0.404440536,11.68274569,11.92801375,9.635073482
9.382055698,0.860756248,11.68241053,12.76988549,9.579966053
10.23318031,1.486204179,11.74762461,13.5645918,9.524764073
11.43757659,3.703280092,11.76446004,12.48764881,9.469468088
11.95502337,3.710021736,11.79115864,9.407508895,9.414078643
11.46868175,2.560632788,11.75693398,0.000394654,9.358596285
11.41767832,3.471230518,11.5161879,16.65634654,9.303021562
11.12694923,1.343404974,11.62052194,4.142575125,9.247355021
9.914960457,0.025470843,11.44999864,11.16365657,9.191597212
9.472807989,-0.810089401,11.41052468,7.417788289,9.135748687
9.953840993,0.592315367,11.25737081,3.168859821,9.079809995
9.0779256,-0.304130098,11.23944568,13.73473439,9.023781689
9.17441049,-1.058769816,11.32235896,14.48017298,8.967664322
9.265968608,-2.171607982,11.38701967,11.30688863,8.911458448
9.14789259,-2.807130775,11.44669208,12.26425191,8.855164621
9.433566892,-2.035114858,11.41435303,18.26904279,8.798783397
11.2604317,-0.157246618,11.43767003,15.50104794,8.742315333
11.14490185,0.017952616,11.53876019,15.11665626,8.685760986
12.24230996,2.327349503,11.46769463,0.7918542,8.629120914
11.20512972,1.732321733,11.42166876,18.33850563,8.572395676
12.29720146,2.343360462,11.40147178,3.514207633,8.515585831
12.33173624,3.253810637,11.35016885,0.347213692,8.458691942
10.99298417,1.818573677,11.13238199,10.38953485,8.401714568
10.58392035,1.317951745,11.06434656,6.739568699,8.344654273
10.12718836,0.97929577,11.0440474,17.89545178,8.28751162
10.69030835,1.256741456,11.05479608,5.821607945,8.230287172
9.445564864,-1.814866841,11.06538521,16.73138433,8.172981495
9.568598502,-1.576303343,11.03847824,13.56914941,8.115595153
9.413847817,-2.828462143,11.05288483,5.965674645,8.058128714
9.931229861,-1.273899861,11.00918671,13.85564317,8.000582745
9.482943615,-2.81425784,10.95899661,0.416766984,7.942957813
9.17319955,-3.158536687,10.73494281,14.22540825,7.885254487
10.56101901,-0.431965161,10.80458184,3.977173598,7.827473337
9.919782881,-0.664137473,10.63897881,7.969702458,7.769614933
10.04279626,-0.084392104,10.6862956,9.439268716,7.711679846
9.19717795,-1.493130398,10.61156444,9.600819469,7.653668647
9.575099102,0.129534238,10.53709024,-1.987446531,7.59558191
7.703216016,-1.865382486,10.4655587,14.30726765,7.537420208
7.77702784,-1.636819976,10.41968591,12.04834142,7.479184115
8.385294517,-1.545935344,10.45836067,11.7410258,7.420874205
8.173832781,-1.309110835,10.43203952,3.849733809,7.362491054
8.517129463,-0.656070087,10.39223593,8.663236981,7.304035238
7.960912336,-2.60010667,10.33379698,4.389871272,7.245507334
8.002182103,-1.917600777,10.28654694,-2.413065456,7.18690792
6.963905312,-3.078890945,10.15464878,15.95050962,7.128237574
7.615029402,-1.582148548,10.19068922,14.64090439,7.069496876
8.119037895,-1.456061207,10.18616386,9.989859511,7.010686404
9.316768499,1.613552483,10.10226412,4.083826834,6.951806739
8.294424418,0.517396577,10.03869784,3.141698068,6.892858463
7.403760083,-0.981534435,9.904884988,13.39821547,6.833842158
7.56947905,-0.60435373,9.97454653,11.28625032,6.774758405
8.313130702,-0.203998761,9.919839654,3.413493517,6.715607788
7.788156355,-0.172755981,9.762471156,1.264107794,6.65639089
7.475580007,-0.526602096,9.657684863,11.00104839,6.597108297
8.816991392,1.85308608,9.572179829,5.762133943,6.537760593
7.798153825,0.183124422,9.440765709,5.023297505,6.478348364
6.836393136,-1.282644759,9.42777116,4.165528971,6.418872196
6.253960082,-3.062808417,9.421848249,-3.239807812,6.359332677
5.521596617,-2.772827801,9.174401662,14.28601928,6.299730393
6.636028738,-0.767731345,9.276686972,14.08434804,6.240065934
6.704641995,-0.864837055,9.394614735,0.582821709,6.180339887
5.634299133,-2.678831568,9.292537611,-1.621670406,6.120552844
5.130782741,-2.657373614,9.148622597,4.834801102,6.060705393
5.487852072,-1.987727935,9.058287071,9.268709732,6.000798125
5.314618206,-3.502373186,9.112711651,-1.013795897,5.940831632
4.637025222,-3.161128603,8.992514531,9.6789929,5.880806505
5.102594762,-1.733798374,9.044678482,-3.908623764,5.820723337
4.295179488,-1.958780594,8.97886051,14.26320721,5.76058272
6.04548099,0.523884373,8.938216972,2.546711961,5.700385249
4.871550258,-1.76447848,8.887027862,7.30603998,5.640131518
4.193719452,-2.510922543,8.769619514,5.358950686,5.579822121
4.67133235,-0.962966783,8.61190712,-3.221648793,5.519457653
4.511334511,-0.61944823,8.38636176,3.059688528,5.45903871
4.333823254,-1.154028818,8.30870384,5.969376815,5.398565889
4.003889962,-1.310728244,8.347270355,3.976827381,5.338039786
4.50295229,-0.134072932,8.23532862,2.676943903,5.277460999
3.80274739,-1.299847371,8.179739241,6.640931336,5.216830126
4.8577029,0.562523412,8.099170492,4.702260246,5.156147764
3.901608204,-2.143872786,8.059487802,10.67645748,5.095414514
4.714582757,-0.156967502,8.125555451,-2.765049667,5.034630973
3.707473792,-0.48624566,8.040174385,12.75707397,4.973797743
4.447286121,-0.22404623,8.00693943,-2.748853424,4.912915424
4.494565658,-0.016768854,7.95943217,2.861160339,4.851984616
4.474712839,0.140889585,7.871569521,7.580687445,4.791005921
4.635843902,0.631953939,7.925315098,-2.844894253,4.72997994
3.953671738,-0.549280552,7.820461638,2.865831652,4.668907277
3.972560513,0.169813123,7.74785555,2.629886773,4.607788534
3.571456057,-1.286246843,7.762227688,-1.093856224,4.546624313
2.99184441,-0.909763794,7.599259033,-0.678853221,4.485415219
1.856313339,-2.858269417,7.475959465,13.4003502,4.424161856
3.472853326,-0.234620466,7.491751209,-4.112225019,4.362864828
1.785923427,-2.661362694,7.333401828,-5.23136316,4.30152474
1.537672453,-2.956893205,7.238501802,3.340726874,4.240142198
1.585629106,-2.889083732,7.256702782,11.51313684,4.178717808
1.978874046,-2.656969855,7.298702339,4.248733065,4.117252175
2.688236778,-1.26543496,7.19848042,-5.820214284,4.055745907
1.819632185,-2.152928329,7.135173987,-5.267117852,3.99419961
1.029931722,-2.541524335,6.886866434,4.671766178,3.932613892
1.606493962,-1.385350448,6.770959467,12.20404894,3.870989361
2.894784178,1.038470839,6.737148144,9.301918767,3.809326625
2.484941035,-0.987912291,6.804092749,-4.875034898,3.747626292
2.408660047,0.622736621,6.636062263,3.165217594,3.685888971
3.248318123,1.71064567,6.540015584,-1.898955671,3.624115273
2.724349868,1.138720762,6.385380109,10.1533071,3.562305805
2.588366894,0.609492848,6.362036692,0.872685806,3.50046118
2.250762168,-0.43747461,6.276688461,7.646626622,3.438582006
3.597446259,1.777814074,6.353150781,12.45505097,3.376668894
5.36966314,4.339731418,6.311137825,12.6000049,3.314722457
6.162487012,4.55599305,6.395712123,-5.068459419,3.252743304
4.435236177,1.540451999,6.233390963,10.39509859,3.190732048
4.544554159,2.059613124,6.263164066,11.99287835,3.128689301
6.231345484,3.822685437,6.351404251,-3.76443586,3.066615675
5.538380138,2.290062016,6.176412549,12.27398524,3.004511782
6.955674229,4.231324361,6.154350671,3.764233436,2.942378237
6.316766863,3.728399969,6.078924119,0.177212973,2.880215651
6.24721958,3.996457412,5.95805373,9.589896234,2.818024639
6.441546541,2.844100282,5.871262265,-3.152174112,2.755805814
4.880824033,-0.488839108,5.684730044,-6.262599493,2.69355979
2.994563594,-3.167923419,5.470937486,11.22443355,2.631287182
4.62385289,0.188616714,5.57526328,0.892586707,2.568988604
3.673601702,-0.870952457,5.400804091,-7.311784013,2.506664671
1.743135466,-4.488210018,5.292544174,12.30046852,2.444315999
3.349625904,-2.188754235,5.412076723,-7.177939495,2.381943202
1.40443343,-5.551240799,5.236401979,10.77868033,2.319546896
2.10587812,-4.210888743,5.276793095,2.640080658,2.257127697
2.352164889,-3.895054691,5.124239384,1.202602642,2.194686222
1.51343553,-4.928111011,5.078049331,-5.87988028,2.132223086
1.240664913,-3.64015912,4.851936685,-4.013886208,2.069738905
1.465536241,-1.529027352,4.676106329,-5.479067455,2.007234297
-0.204813859,-4.828666749,4.561658908,-4.105435832,1.944709878
-0.704616113,-4.378217815,4.382048118,-2.482684722,1.882166266
-0.221706184,-1.96484165,4.353053601,10.83541218,1.819604078
-0.368211818,-3.717837722,4.31915364,8.051911572,1.757023931
1.154773289,-0.249660142,4.35990102,4.090286724,1.694426443
0.485933928,-1.619944193,4.321106863,-1.962668992,1.631812231
0.025658963,-2.326505926,4.207087485,4.306075431,1.569181915
0.336006242,-1.177429288,4.154140045,5.616305789,1.506536111
1.485624849,0.244959936,4.230177568,4.892183204,1.443875438
2.37623179,0.910695548,4.136026724,-8.244303511,1.381200514
2.099708184,2.304522043,3.933100275,-3.839171322,1.318511959
2.126334635,2.830950748,3.777298303,-7.23629323,1.255810391
1.650973784,1.872679968,3.666438033,2.27034961,1.193096428
0.794467528,1.162679346,3.602509159,-2.783459048,1.13037069
-0.289069534,-1.443842823,3.530775856,3.959784214,1.067633795
-0.302119785,-0.788053713,3.594504353,-6.652701066,1.004886364
-0.771122993,-0.796781956,3.368472246,6.45439458,0.942129014
-0.556291078,-0.89229732,3.286607148,7.94236491,0.879362366
-0.323685166,-1.809310014,3.266132202,-7.451557529,0.81658704
-1.558059239,-3.934291029,3.150778358,-5.267245669,0.753803653
-1.260353455,-3.360061639,3.066688921,8.550365884,0.691012827
-0.021399734,-2.14773437,3.018210425,5.660030156,0.628215182
1.268232604,-0.38274118,2.961948223,-3.85945319,0.565411335
0.655252324,-0.139215204,2.889218756,-0.029509885,0.502601909
0.93064724,1.219716775,2.876282579,-3.677724429,0.439787522
0.166896376,0.469016161,2.729494851,0.991468597,0.376968794
0.931313342,1.702436335,2.681788198,-3.776412579,0.314146346
-0.091767373,0.464523705,2.593791097,-7.828061701,0.251320798
-1.668810035,-1.345124869,2.47385519,0.922858975,0.188492769
-0.831368384,0.726690855,2.515481858,-4.198644079,0.125662879
-0.724508225,0.53584523,2.330635224,2.761182139,0.06283175
-1.3034266,-1.282026865,2.217403565,-4.807025491,2.45E-15