0,0,0,4.731610613,0
0.094632212,0.094632212,0.009463221,-0.071326111,0.065344713
0.09320569,0.09320569,0.009320569,-1.175689431,0.130686942
0.069691901,0.069691901,0.00696919,2.54533538,0.196024202
0.120598609,0.120598609,0.012059861,4.671304491,0.261354009
0.214024699,0.214024699,0.02140247,3.288405721,0.326673879
0.279792813,0.279792813,0.027979281,4.508358594,0.391981329
0.369959985,0.369959985,0.036995999,3.586124785,0.457273875
0.441682481,0.441682481,0.044168248,3.316330541,0.522549036
0.508009092,0.508009092,0.050800909,2.949366987,0.58780433
0.566996431,0.566996431,0.056699643,5.223565393,0.653037275
0.671467739,0.671467739,0.067146774,1.546413889,0.718245392
0.702396017,0.702396017,0.070239602,2.374203931,0.783426202
0.749880096,0.749880096,0.07498801,-0.804860441,0.848577226
0.733782887,0.733782887,0.073378289,5.2580438,0.913695988
0.838943763,0.838943763,0.083894376,4.276983705,0.978780013
0.924483437,0.924483437,0.092448344,2.536279934,1.043826825
0.975209036,0.975209036,0.097520904,1.376975496,1.108833953
1.002748546,1.002748546,0.100274855,5.796514648,1.173798925
1.118678838,1.118678838,0.111867884,-3.008491544,1.238719272
1.058509008,1.058509008,0.105850901,3.312050856,1.303592527
1.124750025,1.124750025,0.112475002,-3.304434164,1.368416222
1.058661341,1.058661341,0.105866134,-1.294090953,1.433187895
1.032779522,1.032779522,0.103277952,-2.177717463,1.497905083
0.989225173,0.989225173,0.098922517,5.589445146,1.562565326
1.101014076,1.101014076,0.110101408,6.315476256,1.627166169
1.227323601,1.227323601,0.12273236,2.731696002,1.691705154
1.281957521,1.281957521,0.128195752,6.644992605,1.75617983
1.414857373,1.414857373,0.141485737,0.622589276,1.820587746
1.427309159,1.427309159,0.142730916,5.329050142,1.884926454
1.533890162,1.533890162,0.153389016,-0.234456175,1.949193511
1.529201038,1.529201038,0.152920104,-2.954483848,2.013386474
1.470111361,1.470111361,0.147011136,5.966277249,2.077502904
1.589436906,1.589436906,0.158943691,5.48338029,2.141540365
1.699104512,1.699104512,0.169910451,2.054774654,2.205496423
1.740200005,1.740200005,0.174020001,-1.14124336,2.269368651
1.717375138,1.717375138,0.171737514,5.650108779,2.33315462
1.830377313,1.830377313,0.183037731,1.956784617,2.396851908
1.869513006,1.869513006,0.186951301,1.608504074,2.460458095
1.901683087,1.901683087,0.190168309,4.682416801,2.523970766
1.995331423,1.995331423,0.199533142,6.94618043,2.587387508
2.134255032,2.134255032,0.213425503,1.893433331,2.650705913
2.172123699,2.172123699,0.21721237,-1.648064686,2.713923576
2.139162405,2.139162405,0.21391624,-1.130625863,2.777038097
2.116549888,2.116549888,0.211654989,5.0922314,2.840047079
2.218394516,2.218394516,0.221839452,3.944059816,2.902948129
2.297275712,2.297275712,0.229727571,-1.082545173,2.965738861
2.275624808,2.275624808,0.227562481,5.595589421,3.028416889
2.387536597,2.387536597,0.23875366,2.188550895,3.090979834
2.431307615,2.431307615,0.243130761,6.617762518,3.153425322
2.563662865,2.563662865,0.256366287,0.28634104,3.215750983
2.474757474,2.465294252,0.256938969,7.465105394,3.277954451
2.625486104,2.616165535,0.271869179,0.377571452,3.340033365
2.656551321,2.649582131,0.272624322,7.850286913,3.40198537
2.762650352,2.750590491,0.288324896,8.104307077,3.463808115
2.831310404,2.809907934,0.30453351,8.385066787,3.525499254
2.933243625,2.905264344,0.321303644,6.966647093,3.587056447
2.982409395,2.945413397,0.335236938,7.598822486,3.648477359
3.062663349,3.018495101,0.350434583,1.313827899,3.70975966
3.022613296,2.971812387,0.353062239,5.311486771,3.770901026
3.069855692,3.013156049,0.363685212,5.471825568,3.831899138
3.074820895,3.007674122,0.374628863,6.872523341,3.892751682
3.181343084,3.111103483,0.38837391,8.338076739,3.953456353
3.300620541,3.225632531,0.405050064,7.553412183,4.014010846
3.467785993,3.394407704,0.420156888,0.138041374,4.074412869
3.365385945,3.281491568,0.420432971,8.621253678,4.134660129
3.452271344,3.359823,0.437675478,-0.218995663,4.194750345
3.397165832,3.299644929,0.437237487,1.599514071,4.254681239
3.401616604,3.301341749,0.440436515,5.287471701,4.31445054
3.391435745,3.279567861,0.451011458,3.829422783,4.374055982
3.528194031,3.42234313,0.458670304,2.136406463,4.433495309
3.504681143,3.392206141,0.462943117,5.228903976,4.492766267
3.675347906,3.569481772,0.473400925,7.447732566,4.551866613
3.850184377,3.746906424,0.48829639,6.749616168,4.610794108
4.028731049,3.929808532,0.501795622,3.329065329,4.669546519
3.983523453,3.873422045,0.508453753,9.203349108,4.728121624
4.04128091,3.91854855,0.526860451,2.660464083,4.786517204
4.039856271,3.911660519,0.532181379,2.575863507,4.844731048
3.95847369,3.816987952,0.537333106,5.177642163,4.902760953
4.049574747,3.906843831,0.547688391,0.748478715,4.960604724
3.957963319,3.804574303,0.549185348,0.479271404,5.018260171
3.97223787,3.819317766,0.550143891,9.462322665,5.075725112
4.220574001,4.073562864,0.569068536,8.342010647,5.132997375
4.268088669,4.109144978,0.585752557,1.944209909,5.190074793
4.197305261,4.02739481,0.589640977,0.796727278,5.246955207
4.172144313,3.998124313,0.591234432,6.756871868,5.303636466
4.330106618,4.158369104,0.604748176,7.107255887,5.360116428
4.35924956,4.176211829,0.618962687,4.60800028,5.416392957
4.412273873,4.225322573,0.628178688,6.572305688,5.472463927
4.511549906,4.321381597,0.641323299,4.698316231,5.528327218
4.511867894,4.312334752,0.650719932,1.814432648,5.58398072
4.409232939,4.195807435,0.654348797,7.562846867,5.63942233
4.522621209,4.305408839,0.669474491,2.607650165,5.694649954
4.607735506,4.393819266,0.674689791,9.459169462,5.749661507
4.819531413,4.607876424,0.69360813,9.006467374,5.804454912
4.897816132,4.675976681,0.711621065,8.132595475,5.859028099
4.981586845,4.751859274,0.727886256,4.988856636,5.913379009
5.103014882,4.875452401,0.737863969,10.01093197,5.967505591
5.191321733,4.952568073,0.757885833,4.407640259,6.021405803
5.23570352,4.992572758,0.766701113,3.980349169,6.07507761
5.182955253,4.926588966,0.774661812,10.45780094,6.12851899
5.386384451,5.129445482,0.795577414,8.92242412,6.181727926
5.415530825,5.143661646,0.813422262,6.997209488,6.234702413
5.547923586,5.275299264,0.827416681,10.16893235,6.287440454
5.594296495,5.305971599,0.847754546,9.135176076,6.33994006
5.614913875,5.310380365,0.866024898,6.327696248,6.392199255
5.573766464,5.25246282,0.87868029,10.55554544,6.444216068
5.645544431,5.310307493,0.899791381,7.996868326,6.495988542
5.653505348,5.303070765,0.915785118,9.612755574,6.547514727
5.819483901,5.466421662,0.935010629,4.018572595,6.598792682
5.793625618,5.429940405,0.943047774,11.62846573,6.649820479
5.916758421,5.542129558,0.966304706,8.291333267,6.700596196
5.94513462,5.556760709,0.982887372,7.383997506,6.751117924
5.926053035,5.521002971,0.997655367,2.179971433,6.801383762
5.81858422,5.398427332,1.00201531,8.257280569,6.85139182
5.980969004,5.560536033,1.018529871,5.479305608,6.901140218
5.918130042,5.480454564,1.029488482,5.87311713,6.950627087
6.039972298,5.602734811,1.041234717,7.865753669,6.999850568
6.16529709,5.724860575,1.056966224,5.651731689,7.04880881
6.17258229,5.721570832,1.068269687,11.48541382,7.097499976
6.325702111,5.867031807,1.091240515,9.447535282,7.145922238
6.471924687,6.00898157,1.110135586,12.09412065,7.194073777
6.609229021,6.135828096,1.134323827,12.03736752,7.241952788
6.70102172,6.21272533,1.158398562,6.182501707,7.289557474
6.689679431,6.187883808,1.170763565,9.055806658,7.33688605
6.804214257,6.295760504,1.188875179,3.083487033,7.383936742
6.681817016,6.154956565,1.195042153,4.258976889,7.430707786
6.713787272,6.181605892,1.203560106,10.78275855,7.47719743
6.877925173,6.340592066,1.225125624,11.89803444,7.523403933
7.012333018,6.464644627,1.248921692,12.227162,7.569325564
7.241906684,6.692721336,1.273376016,4.643967756,7.614960605
7.325200611,6.77505672,1.282663952,3.703318914,7.660307347
7.210020536,6.640952,1.29007059,5.088913645,7.705364096
7.144958596,6.559206038,1.300248417,6.123248026,7.750129165
7.228539358,6.638898381,1.312494913,3.238316395,7.794600883
7.27737114,6.686136709,1.318971546,9.887040614,7.838777586
7.339974515,6.73522634,1.338745627,4.095779642,7.882657625
7.27974499,6.660782303,1.346937186,4.133519769,7.926239361
7.27025538,6.642076692,1.355204226,10.62926111,7.969521168
7.351394489,6.710071189,1.376462748,12.63380565,8.01250143
7.510104277,6.859384345,1.401730359,12.39653622,8.055178546
7.721746348,7.067397551,1.426523432,11.14372985,8.097550923
7.793364008,7.123889517,1.448810892,7.443384427,8.139616983
7.890078693,7.215388902,1.46369766,7.804054267,8.181375159
7.85697639,7.163368259,1.479305769,12.69229446,8.222823896
7.930692931,7.219071866,1.504690358,6.489148967,8.263961651
7.897824001,7.169937745,1.517668656,9.010740381,8.304786894
7.978261676,7.240397707,1.535690137,5.40034803,8.345298108
7.886049997,7.128164164,1.546490833,9.515537138,8.385493785
7.988207935,7.221506821,1.565521907,5.587040474,8.425372434
8.020341761,7.245679949,1.576695988,5.222347501,8.464932573
7.915632692,7.120055278,1.587140683,4.887841324,8.504172734
7.834941036,7.021518774,1.596916366,11.38642956,8.543091462
7.922725438,7.095308757,1.619689225,3.947555808,8.581687313
7.798297907,6.950543361,1.627584336,7.278166957,8.619958858
7.761157724,6.895132827,1.64214067,3.663109681,8.657904679
7.707865993,6.829185703,1.64946689,9.751224507,8.695523371
7.691779574,6.791988193,1.668969339,8.174356928,8.732813543
7.695329346,6.779544229,1.685318052,7.018399783,8.769773816
7.643442231,6.708431602,1.699354852,10.13390537,8.806402825
7.765748886,6.822701112,1.719622663,11.26004252,8.842699216
7.758380422,6.792075716,1.742142748,5.078889798,8.87866165
7.694131553,6.71124418,1.752300527,11.34335526,8.914288801
7.773318708,6.775663341,1.774987238,10.46933041,8.949579355
7.939105887,6.937090577,1.795925899,13.92170161,8.984532013
8.052394308,7.033864437,1.823769302,10.63476843,9.019145488
8.155503564,7.126015082,1.845038839,6.598183339,9.053418506
8.170004889,7.128770172,1.858235205,11.6400104,9.087349808
8.245490023,7.188523799,1.881515226,9.788873919,9.120938147
8.328232868,7.25996318,1.901092974,12.09150582,9.154182291
8.340354708,7.249114193,1.925275986,6.765128202,9.18708102
8.286706566,7.176570981,1.938806242,8.161245956,9.219633129
8.208049072,7.073725245,1.955128734,6.907535738,9.251837425
8.105452437,6.947053875,1.968943806,4.507993333,9.283692731
8.071962269,6.901198704,1.977959792,8.014536574,9.315197881
8.051136867,6.862261689,1.993988865,12.15302331,9.346351725
8.232527593,7.03748544,2.018294912,9.183713436,9.377153126
8.331022324,7.127462217,2.036662339,4.701077288,9.40760096
8.209388699,6.984263075,2.046064493,12.59060795,9.43769412
8.223240169,6.974318476,2.071245709,9.328870514,9.467431509
8.165274339,6.891898323,2.08990345,8.383214098,9.496812047
8.240059266,6.957395314,2.106669879,8.088691389,9.525834666
8.327766715,7.037696126,2.122847261,4.967129154,9.554498313
8.325331026,7.025082609,2.13278152,9.240398709,9.582801951
8.387674039,7.075179126,2.151262317,11.28163248,9.610744553
8.548540361,7.229568815,2.173825582,11.5292073,9.63832511
8.581383695,7.242638068,2.196883997,4.899132583,9.665542626
8.597450754,7.250513567,2.206682262,5.79658701,9.692396118
8.630712098,7.275507872,2.218275436,8.844225071,9.71888462
8.595011378,7.21854863,2.235963886,10.76343419,9.745007178
8.557603948,7.155873589,2.257490754,11.81780732,9.770762853
8.546029371,7.119505939,2.281126369,7.519888458,9.796150721
8.473552543,7.024741651,2.296166146,6.176387834,9.821169873
8.448212611,6.98451495,2.308518922,14.59580791,9.845819414
8.584047684,7.104741915,2.337710537,9.901057588,9.870098462
8.528222946,7.023532588,2.357512653,13.43895999,9.894006151
8.667219167,7.149550511,2.384390573,10.82778936,9.917541631
8.703560146,7.16787001,2.406046151,10.29294364,9.940704064
8.801412058,7.254921226,2.426632039,14.81897299,9.963492629
8.907480775,7.341958868,2.456269984,11.81717277,9.985906517
9.032083421,7.455387433,2.47990433,8.873614072,10.00794494
9.105108753,7.51796807,2.497651558,5.862146099,10.02960711
9.124594848,7.527678483,2.50937585,9.352478668,10.05089228
9.08391583,7.464226606,2.528080808,9.869948097,10.07179968
9.202363676,7.57477934,2.547820704,11.02286639,10.0923286
9.277257665,7.635116995,2.569866437,7.369282729,10.11247831
9.351381126,7.701914236,2.584605002,5.715475166,10.1322481
9.270666139,7.6016968,2.596035952,7.398789519,10.1516373
9.255154791,7.569836738,2.610833532,12.62888241,10.17064522
9.367364443,7.668009591,2.636091296,9.217104668,10.18927121
9.349028429,7.629405767,2.654525506,8.668021539,10.20751462
9.29718801,7.555045262,2.671861549,9.95923563,10.22537483
9.394794926,7.642494399,2.69178002,12.3360048,10.24285123
9.414647917,7.639660679,2.71645203,7.918480634,10.2599432
9.363630922,7.567705023,2.732288991,9.369501502,10.27665018
9.272586919,7.448817618,2.751027994,14.6307044,10.2929716
9.352505639,7.5074668,2.780289403,9.492740225,10.30890689
9.410396777,7.552161571,2.799274883,6.55110129,10.32445553
9.308618594,7.427103368,2.812377086,11.36713083,10.339617
9.340183733,7.439090759,2.835111347,7.031440315,10.35439078
9.238982423,7.313706437,2.849174228,8.097517237,10.36877638
9.265630203,7.326823961,2.865369262,14.51371464,10.38277333
9.392679577,7.437550843,2.894396692,12.68144993,10.39638117
9.508157861,7.539214055,2.919759592,10.98823176,10.40959944
9.637762629,7.659802837,2.941736055,15.37783922,10.42242773
9.785028682,7.791039817,2.972491734,13.0804498,10.43486562
9.803577212,7.7852823,2.998652633,10.93289668,10.4469127
9.838560877,7.801898538,3.020518427,10.02249208,10.45856859
9.944989173,7.898924679,3.040563411,14.65931161,10.46983293
9.986363246,7.915117537,3.069882034,8.198243527,10.48070536
9.963750706,7.873847256,3.086278521,15.34773891,10.49118554
10.1030412,7.996371324,3.116973999,11.58696819,10.50127315
10.17300674,8.050159477,3.140147935,12.92082751,10.51096788
10.33208071,8.199299186,3.16598959,10.56582995,10.52026945
10.35858933,8.207327014,3.18712125,13.65314024,10.52917756
10.40601949,8.232193904,3.214427531,11.23250822,10.53769198
10.4000855,8.203201507,3.236892547,11.8435269,10.54581244
10.53897339,8.332291129,3.260579601,11.00686898,10.55353873
10.64317903,8.424903594,3.282593339,8.802029082,10.56087062
10.64233511,8.406371224,3.300197397,10.52620402,10.56780792
10.63759051,8.380099752,3.321249805,8.464188418,10.57435045
10.57051813,8.289391759,3.338178182,12.67526963,10.58049803
10.67362575,8.377459606,3.363528721,8.354229168,10.58625052
10.71718258,8.408663657,3.380237179,11.49530987,10.59160778
10.65517262,8.31746208,3.403227799,10.32553379,10.59656969
10.66366214,8.306149489,3.423878867,6.767026133,10.60113614
10.53022346,8.145832892,3.437412919,12.83166925,10.60530705
10.57030106,8.164254911,3.463076257,7.814961074,10.60908234
10.52074141,8.094109373,3.47870618,14.4576565,10.61246195
10.51351508,8.057245097,3.507621493,9.37404734,10.61544584
10.46465257,7.984748243,3.526369587,6.425347418,10.61803399
10.41568724,7.918035681,3.539220282,12.33587761,10.62022637
10.54516187,8.035786019,3.563892037,12.00695905,10.62202301
10.59825148,8.07017067,3.587905955,12.58815453,10.6234239
10.65261561,8.104794902,3.613082264,8.085684514,10.6244291
10.59387197,8.024005532,3.629253634,11.07200383,10.62503864
10.66792639,8.083321388,3.651397641,5.811139572,10.62525261
10.66983968,8.073803726,3.66301992,10.20843996,10.62507107
10.72603269,8.115199156,3.6834368,14.38455712,10.62449413
10.76114618,8.125054885,3.712205914,13.52487498,10.6235219
10.84730159,8.192776082,3.739255664,15.41400105,10.6221545
10.98222118,8.310359629,3.770083667,13.11278321,10.62039209
11.04529213,8.35351211,3.796309233,9.878440408,10.61823483
10.99614084,8.279688812,3.816066114,8.447158439,10.61568287
11.0067144,8.274425407,3.832960431,9.979635655,10.61273643
11.01891708,8.267889087,3.852919702,13.44040778,10.60939571
10.99511115,8.214821746,3.879800518,5.907173141,10.60566091
10.92339981,8.124124924,3.891614864,13.84207395,10.6015323
11.06921926,8.256842174,3.919299012,9.053400927,10.59701011
11.02294466,8.187833315,3.937405814,15.20881278,10.59209462
11.18649211,8.337317883,3.967823439,10.04430382,10.5867861
11.22542784,8.360058581,3.987912047,13.3575443,10.58108487
11.20230444,8.307907744,4.014627135,11.08681165,10.57499123
11.17041167,8.250652079,4.036800759,6.12739969,10.56850551
11.07319503,8.131458974,4.049055558,6.787366066,10.56162806
10.90138557,7.928893832,4.06263029,14.17257594,10.55435925
10.92322809,7.924575456,4.090975442,14.22382665,10.54669944
10.98904669,7.968528262,4.119423095,15.12393323,10.53864903
11.09107551,8.050512101,4.149670962,12.66120183,10.53020843
11.05111332,7.981231282,4.174993365,14.40804331,10.52137806
11.17530931,8.08903079,4.203809452,15.50640447,10.51215835
11.17848262,8.061508624,4.234822261,5.886003992,10.50254977
11.06446334,7.924315403,4.246594269,9.649840023,10.49255278
10.99904359,7.833053999,4.265893949,7.344270341,10.48216786
10.9346124,7.747491147,4.28058249,11.45018291,10.47139552
10.89055325,7.676125719,4.303482856,6.170482773,10.46023626
10.78931274,7.552420194,4.315823821,10.45817524,10.44869062
10.76160571,7.501026107,4.336740172,12.49777656,10.43675914
10.79142386,7.508830521,4.361735725,15.31258351,10.42444239
10.92163495,7.621437551,4.392360892,9.900822841,10.41174094
10.90912732,7.58787752,4.412162537,10.04034561,10.39865537
10.94065047,7.602472287,4.432243229,12.51696504,10.3851863
10.93748438,7.573955656,4.457277159,13.79024602,10.37133434
11.04620471,7.665967534,4.484857651,14.71081152,10.35710013
11.11051475,7.707286948,4.514279274,5.639072468,10.34248433
11.01678552,7.592906654,4.525557419,12.09138907,10.32748759
11.12327278,7.68585986,4.549740197,5.579470513,10.3121106
10.9782288,7.515152547,4.560899138,7.936341152,10.29635406
10.98065641,7.501950226,4.57677182,5.680782052,10.28021867
10.80511892,7.297497424,4.588133384,14.33882577,10.26370516
10.90441449,7.378044898,4.616811036,6.521070515,10.24681427
10.90632895,7.367108665,4.629853177,15.10351472,10.22954676
10.96168169,7.397789653,4.660060206,6.312240172,10.21190339
10.84778731,7.259881357,4.672684687,11.48945817,10.19388496
10.82581339,7.212731121,4.695663603,6.483276035,10.17549226
10.79376522,7.164511582,4.708630155,7.555312713,10.1567261
10.72343139,7.072033752,4.723740781,14.11837756,10.13758732
10.88957615,7.226556233,4.751977536,8.5936694,10.11807676
10.85728074,7.173843942,4.769164874,9.243048574,10.09819528
10.75445057,7.042244656,4.787650972,10.84536603,10.07794374
10.70086039,6.961604728,4.809341704,13.95351731,10.05732305
10.67165072,6.901567051,4.837248738,9.315920392,10.0363341
10.59571346,6.799404228,4.855880579,5.113327761,10.0149778
10.50041121,6.684345094,4.866107235,11.63685059,9.993255094
10.56420505,6.73124462,4.889380936,13.63575971,9.97116692
10.63732753,6.78440783,4.916652455,13.28333777,9.948714241
10.63418613,6.754385614,4.943219131,12.18239986,9.925898031
10.75969067,6.868075802,4.96758393,10.46031775,9.902719277
10.69205554,6.772756531,4.988504566,9.644415606,9.879178983
10.70387584,6.766470022,5.007793397,12.6567638,9.855278167
10.65283486,6.685011417,5.033106925,10.63357483,9.831017858
10.66462028,6.67670823,5.054374074,14.40822291,9.806399104
10.68563385,6.671006713,5.08319052,6.336050014,9.781422962
10.59061862,6.553817857,5.09586262,7.038844547,9.756090507
10.60884751,6.559791955,5.109940309,7.074641364,9.730402827
10.61459302,6.551962729,5.124089592,10.64130734,9.704361023
10.54396765,6.452992205,5.145372207,11.36181677,9.677966211
10.48672745,6.367304354,5.16809584,12.05056206,9.651219519
10.42526003,6.275589064,5.192196964,7.672422597,9.624122092
10.32548444,6.150491076,5.20754181,7.428606805,9.596675086
10.18589571,5.982086259,5.222399023,6.811478285,9.568879672
10.01199719,5.777174926,5.23602198,13.9405414,9.540737035
10.17308794,5.926493666,5.263903063,4.517282374,9.512248372
10.07043678,5.804542833,5.272937627,5.891150254,9.483414896
10.04137438,5.760791891,5.284719928,8.809764592,9.454237833
9.988566015,5.685083159,5.302339457,10.99225789,9.42471842
10.08500152,5.769177696,5.324323973,9.534226474,9.39485791
10.06652254,5.72978237,5.343392426,5.686502586,9.364657569
9.930297062,5.568561337,5.354765431,11.80271127,9.334118676
9.860099617,5.467738725,5.378370853,9.73129252,9.303242523
9.856709011,5.444546473,5.397833439,13.51464814,9.272030417
9.926195061,5.493951833,5.424862735,11.867392,9.240483676
9.913203601,5.455926442,5.448597519,11.41566971,9.208603632
9.865712075,5.380854424,5.471428858,13.10024437,9.17639163
9.833500731,5.319221458,5.497629347,8.735494623,9.143849029
9.895429175,5.369871756,5.515100336,6.849152652,9.1109772
9.790584446,5.240844249,5.528798641,7.901657432,9.077777526
9.837028184,5.276129047,5.544601956,7.993262538,9.044251406
9.838166612,5.261394792,5.560588481,8.331068111,9.010400249
9.891172333,5.303038949,5.577250618,4.343480651,8.976225477
9.691265431,5.074454395,5.585937579,6.052631621,8.941728527
9.681896653,5.052043476,5.598042842,11.03940721,8.906910846
9.600614503,4.940554297,5.620121657,11.40169271,8.871773894
9.702403554,5.029718867,5.642925042,4.16895214,8.836319146
9.555993433,4.86032983,5.651262946,4.704413706,8.800548087
9.520416186,4.811786031,5.660671774,4.544451226,8.764462215
9.460198957,4.736458176,5.669760676,6.841909536,8.728063041
9.314669596,4.562692061,5.683444495,9.50136255,8.691352087
9.332823459,4.563658585,5.70244722,11.00067706,8.654330889
9.367976029,4.580325057,5.724448574,10.3048106,8.617000994
9.35716492,4.547823217,5.745058196,13.28033403,8.579363961
9.343701255,4.506452516,5.771618864,12.80867825,8.541421362
9.413556412,4.557675833,5.79723622,11.02296755,8.503174781
9.531749208,4.665641973,5.819282155,12.69683578,8.464625814
9.552948912,4.663567976,5.844675827,5.976806446,8.425776066
9.399769846,4.483117391,5.85662944,12.08151175,8.386627158
9.375733326,4.432514195,5.880792463,8.026350222,8.347180721
9.292612333,4.325028403,5.896845164,9.093749518,8.307438397
9.265280968,4.276776402,5.915032663,6.145080185,8.267401841
9.19529426,4.187500863,5.927322823,11.08129493,8.227072718
9.163784882,4.130677958,5.949485413,7.993405118,8.186452706
9.110981488,4.056607414,5.965472223,9.162810508,8.145543494
9.00607324,3.92288272,5.983797844,10.56271758,8.104346781
9.090606591,3.994743971,6.004923279,9.074451978,8.062864279
9.13131874,4.021378431,6.023072183,5.017328279,8.021097712
9.090172478,3.966082886,6.03310684,12.61389869,7.979048811
9.129624305,3.984252099,6.058334637,4.319951272,7.936719324
8.988786995,3.820691155,6.06697454,4.53563019,7.894111004
8.838488358,3.646291394,6.0760458,5.581270462,7.85122562
8.796665315,3.589123506,6.087208341,5.622103303,7.80806495
8.760535245,3.538136222,6.098452548,11.53663028,7.764630781
8.855038285,3.619016305,6.121525808,8.972629713,7.720924912
8.755680052,3.491776989,6.139471068,5.287457257,7.676949156
8.771083549,3.498145922,6.150045982,3.582109646,7.63270533
8.724902737,3.440182809,6.157210202,2.743818985,7.588195268
8.603583825,3.301244368,6.16269784,9.332805464,7.543420809
8.570394776,3.246070804,6.18136345,5.562428911,7.498383808
8.490958825,3.147566399,6.192488308,10.44689601,7.453086124
8.586166694,3.231401263,6.2133821,6.302498331,7.407529632
8.476162435,3.097791581,6.225987097,4.641220625,7.361716214
8.374360997,2.976527558,6.235269538,7.413230969,7.315647762
8.252332654,2.827469919,6.250096,4.557465755,7.269326179
8.106134129,2.65753661,6.259210932,3.992493842,7.222753379
7.957670611,2.486241753,6.267195919,5.395157589,7.175931283
7.803568876,2.305939529,6.277986235,10.10918658,7.128861824
7.831042715,2.315942379,6.298204608,8.20035854,7.081546944
7.858066833,2.329268191,6.314605325,2.691440041,7.033988595
7.753862485,2.209260528,6.319988205,5.587784024,6.986188737
7.705752915,2.145164433,6.331163773,11.87871042,6.938149343
7.776705761,2.199455143,6.354921194,9.698511355,6.889872391
7.883806375,2.297868796,6.374318216,6.562713283,6.841359871
7.894008008,2.295965166,6.387443643,2.884770124,6.792613782
7.730915266,2.11079361,6.393213183,9.015361156,6.743636133
7.683188635,2.040263593,6.411243906,10.87884558,6.694428938
7.817386504,2.166123558,6.433001597,7.015288942,6.644994226
7.863604009,2.202932235,6.447032175,10.12737152,6.59533403
7.975262415,2.305501739,6.467286918,4.145341021,6.545450394
7.921331045,2.237886549,6.4755776,4.919814099,6.495345371
7.829700076,2.127252855,6.485417228,9.020974473,6.445021022
7.790106024,2.06565745,6.503459177,1.571572114,6.394479417
7.615441254,1.870383059,6.506602321,6.612966712,6.343722633
7.482093908,1.710475044,6.519828255,5.808555317,6.292752758
7.342091449,1.544855229,6.531445365,2.013394167,6.241571886
7.161899981,1.342617826,6.535472153,3.687719398,6.190182122
6.981717654,1.137041827,6.542847592,1.15965011,6.138585576
6.885374527,1.028745087,6.545166892,3.243900015,6.086784368
6.708622292,0.827829829,6.551654693,4.247096761,6.034780626
6.633037223,0.736192059,6.560148886,9.526606098,5.982576485
6.641694355,0.726661692,6.579202098,6.995029062,5.930174089
6.658693332,0.731370509,6.593192156,0.947428981,5.877575589
6.456016013,0.5065306,6.595087014,3.159976416,5.824783144
6.359347439,0.393875216,6.601406967,3.094224957,5.77179892
6.237975728,0.254177884,6.607595417,2.074936008,5.718625092
6.068220097,0.063296818,6.611745289,5.151968431,5.66526384
5.989770426,-0.033301757,6.622049226,9.12890411,5.611717354
6.072001943,0.038895103,6.640307034,9.089827947,5.557987829
6.001520528,-0.05681411,6.65848669,6.417920262,5.504077469
6.043479908,-0.023494632,6.671322531,2.535602206,5.449988483
6.003479348,-0.072566452,6.676393735,7.455713911,5.39572309
6.040968217,-0.046240124,6.691305163,2.835578005,5.341283513
5.985237711,-0.113214837,6.696976319,10.03002644,5.286671983
5.955105634,-0.166420174,6.717036372,2.425613871,5.231890738
5.824165317,-0.315305751,6.721887599,1.93922773,5.176942023
5.757200727,-0.392845256,6.725766055,5.568902052,5.121828087
5.796936575,-0.360273627,6.736903859,7.070109049,5.066551189
5.883462376,-0.279235463,6.751044077,2.693606649,5.011113592
5.7506784,-0.430685051,6.75643129,2.799641088,4.955517566
5.695422643,-0.497065665,6.762030573,9.055647158,4.899765387
5.667597666,-0.545784434,6.780141867,6.301895888,4.843859338
5.667585617,-0.55840148,6.792745659,8.870356546,4.787801706
5.752168336,-0.483101202,6.810486372,5.604364398,4.731594787
5.715991004,-0.534104996,6.821695101,4.088119978,4.675240879
5.706604089,-0.552606843,6.829871341,9.528769203,4.61874229
5.817329596,-0.449866323,6.848928879,7.26559824,4.56210133
5.854738409,-0.423247825,6.863460075,1.078214233,4.505320316
5.674118962,-0.624085646,6.865616504,2.584988543,4.448401571
5.561811562,-0.752793763,6.870786481,6.561537655,4.391347423
5.639213514,-0.68077469,6.883909556,0.812081933,4.334160204
5.543699473,-0.7874643,6.88553372,3.86829363,4.276842253
5.383491137,-0.971430057,6.893270307,0.170531352,4.219395913
5.192931537,-1.18138668,6.89361137,6.848517594,4.161823534
5.198647623,-1.18879602,6.907308405,5.673562377,4.104127467
5.254423468,-1.138789715,6.91865553,4.102416742,4.046310072
5.15616458,-1.255079326,6.926860364,6.498291172,3.98837371
5.068553491,-1.364448105,6.939856946,5.607556524,3.930320751
5.040398843,-1.406633332,6.951072059,2.909444421,3.872153565
4.896040301,-1.571246617,6.956890948,0.113833851,3.813874529
4.815410158,-1.660167442,6.957118615,2.902849221,3.755486024
4.77507086,-1.710346368,6.962924314,7.85830096,3.696990434
4.75181739,-1.751641787,6.978640916,3.044894985,3.63839015
4.781283847,-1.725318474,6.984730706,5.153617465,3.579687565
4.752096862,-1.767731392,6.995037941,8.20399411,3.520885076
4.800005638,-1.731439727,7.011445929,2.027268202,3.461985083
4.800283119,-1.735189035,7.015500465,0.807956906,3.402989992
4.742687869,-1.800159723,7.017116379,-0.809582428,3.343902212
4.703303218,-1.841863674,7.015497214,4.388708995,3.284724155
4.726199398,-1.825455295,7.024274632,3.80995784,3.225458237
4.717456619,-1.842692267,7.031894548,5.152335004,3.166106876
4.629971197,-1.949230901,7.042199218,7.504372572,3.106672495
4.640158068,-1.953034089,7.057207963,3.850732778,3.047157519
4.698224144,-1.896862871,7.064909429,-1.288223114,2.987564379
4.609260153,-1.992146814,7.062332982,0.461175284,2.927895504
4.55659916,-2.050996258,7.063255333,7.394752041,2.868153331
4.66299548,-1.948749809,7.078044837,7.131226931,2.808340296
4.70258065,-1.919468576,7.092307291,2.071018032,2.74845884
4.561422929,-2.078884106,7.096449327,6.239389302,2.688511406
4.504414156,-2.154072534,7.108928106,5.497770932,2.628500439
4.486011169,-2.185311361,7.119923647,3.133107809,2.568428387
4.497961281,-2.178432454,7.126189863,6.180782376,2.5082977
4.472462651,-2.218842512,7.138551428,1.619493994,2.448110831
4.44814097,-2.248835349,7.141790416,1.876874326,2.387870234
4.285077928,-2.431958444,7.145544165,-0.195120239,2.327578366
4.232663246,-2.489224354,7.145153924,1.471708087,2.267237686
4.223312853,-2.502453202,7.14809734,1.671323615,2.206850654
4.145361284,-2.591542575,7.151439987,4.893488987,2.146419732
4.101828883,-2.649215194,7.161226965,3.775195223,2.085947384
4.123460654,-2.632970636,7.168777356,2.947479941,2.025436077
4.126417432,-2.635613141,7.174672316,1.733713149,1.964888276
3.979978751,-2.800163116,7.178139742,-2.134971034,1.90430645
3.811241413,-2.981504246,7.1738698,-0.551194004,1.843693068
3.622810402,-3.18767597,7.172767412,5.419030279,1.783050602
3.61910372,-3.202591381,7.183605473,3.166779153,1.722381523
3.600676903,-3.229194438,7.189939031,2.132180955,1.661688305
3.452745138,-3.396183741,7.194203393,4.310826364,1.60097342
3.3936497,-3.469810375,7.202825045,-2.128172251,1.540239343
3.329521971,-3.536094533,7.198568701,-2.177761803,1.47948855
3.234266964,-3.636519517,7.194213177,6.037239848,1.418723516
3.223781008,-3.660128549,7.206287657,-3.048687016,1.357946718
3.146565629,-3.738968091,7.200190283,3.509439854,1.297160632
3.139388553,-3.753881754,7.207209163,1.691073783,1.236367735
3.169799402,-3.723811968,7.21059131,5.309374548,1.175570505
3.139016541,-3.768291864,7.211746838,5.71992744,1.114771418
3.139943842,-3.778711688,7.223329345,3.022368917,1.053972952
3.118342886,-3.808517478,7.231725462,-1.852802702,0.993177584
2.951321008,-3.988535938,7.222929186,3.603902314,0.932387791
2.911247924,-4.039824135,7.220794381,-4.096595036,0.87160605
2.771127135,-4.185763813,7.20602438,-1.181704857,0.810834836
2.745216361,-4.211902255,7.194644253,0.328533564,0.750076627
2.693730048,-4.269194266,7.188129071,-2.674230715,0.689333897
2.483079414,-4.495561502,7.176147948,-4.225539748,0.62860912
2.337670719,-4.647059986,7.161798135,4.366637017,0.567904771
2.321931111,-4.67310683,7.160084278,4.309890369,0.507223322
2.244049036,-4.767396893,7.165611231,3.882866832,0.446567245
2.281161008,-4.734339457,7.168628557,5.024231945,0.385939011
2.365486509,-4.65162987,7.180286741,3.84043229,0.32534109
2.458486803,-4.557010411,7.177451518,-3.04344348,0.26477595
2.309843754,-4.714430878,7.162810664,1.702742689,0.204246058
2.267699451,-4.764195097,7.16114359,-3.478473752,0.14375388
2.095083276,-4.947115942,7.151432691,-2.761531567,0.08330188
1.889765193,-5.16744277,7.134316599,0.563757615,0.022892519
1.82402569,-5.240883739,7.141461097,-3.301481811,-0.03747174
1.783760516,-5.278572467,7.128234032,-0.537716272,-0.097788441
1.763782685,-5.299472648,7.133767467,4.194580954,-0.158055125
1.699779263,-5.378265574,7.144744811,-4.414447277,-0.218269338
1.468865779,-5.623441512,7.140271352,0.915568701,-0.278428627
1.445756792,-5.650692535,7.130923599,-3.013098431,-0.338530543
1.260707038,-5.848221068,7.112266449,-1.426789709,-0.398572637
1.122215825,-5.997707823,7.103949478,0.898268704,-0.458552463
1.077519043,-6.048670821,7.09245603,-2.256426233,-0.518467579
0.90877487,-6.229776557,7.086697999,-0.066873516,-0.578315544
0.87504752,-6.266742896,7.075906152,-2.599591156,-0.63809392
0.785518211,-6.360025954,7.071175882,1.546564769,-0.697800272
0.820351911,-6.324802013,7.080177979,2.773912536,-0.757432169
0.846396,-6.301701341,7.07379325,3.551713421,-0.816987182
0.884003796,-6.267436192,7.069929916,0.816018786,-0.876462884
0.802454392,-6.358772574,7.067452404,-4.004013448,-0.935856853
0.646870218,-6.521907138,7.061726864,-0.995486444,-0.99516667
0.568010891,-6.606661425,7.048435673,-4.434485801,-1.054389919
0.444646912,-6.73349283,7.035653133,1.516156036,-1.113524187
0.517669453,-6.656200347,7.035468437,-1.973511963,-1.172567065
0.489223094,-6.683544318,7.022156579,3.087666632,-1.231516149
0.442595821,-6.741009652,7.014439551,2.24342058,-1.290369037
0.424128649,-6.765810381,7.015139526,0.37751767,-1.349123331
0.389035384,-6.805168009,7.019190691,0.112494206,-1.407776638
0.305068741,-6.897756305,7.021676931,-1.161068496,-1.466326568
0.324410816,-6.874157885,7.009170331,0.50415791,-1.524770737
0.37804921,-6.816163967,7.002290527,-1.814911025,-1.583106762
0.221006193,-6.985281465,7.000825795,-3.792155898,-1.641332267
0.206136815,-6.994053468,6.982050305,-0.487956109,-1.699444881
0.126188896,-7.081020267,6.976697291,-5.825006039,-1.757442234
-0.024132701,-7.234724011,6.951811754,2.749460948,-1.815321964
-0.075330973,-7.287077811,6.956737994,-4.128496212,-1.873081713
-0.272299446,-7.495628791,6.93355079,-1.078889158,-1.930719127
-0.354324607,-7.586050069,6.930637869,-0.042557301,-1.988231857
-0.318119699,-7.541048885,6.914852181,-5.986634305,-2.04561756
-0.509930432,-7.730724813,6.886670298,-6.636597851,-2.102873896
-0.560730488,-7.766754868,6.856626969,-5.452302961,-2.159998533
-0.64614245,-7.840786703,6.831789069,1.469488407,-2.216989142
-0.623323353,-7.811452424,6.8195304,-4.790291047,-2.273843401
-0.66564456,-7.841792508,6.807322162,-4.148558202,-2.330558992
-0.664104929,-7.825903064,6.788402073,-2.931635211,-2.387133604
-0.810070374,-7.970154651,6.771595151,-2.757058439,-2.44356493
-0.95140935,-8.117020581,6.752335987,-1.261492154,-2.499850669
-1.054296529,-8.222925086,6.73313685,-3.633291547,-2.555988528
-1.227446999,-8.407733741,6.710763442,0.495046621,-2.611976218
-1.294354713,-8.471806231,6.711477453,-0.001379068,-2.667811456
-1.233513424,-8.396324088,6.694232187,-5.919977871,-2.723491965
-1.385967836,-8.547111425,6.682830223,1.239013312,-2.779015475
-1.291618094,-8.443050785,6.682109221,-2.898289834,-2.834379723
-1.29435326,-8.428669858,6.665737698,-1.42712424,-2.889582449
-1.334170897,-8.475631994,6.655224604,0.090845753,-2.944621404
-1.266324345,-8.394558377,6.651133483,0.613372587,-2.999494342
-1.243302568,-8.377070036,6.64190242,-0.26385456,-3.054199025
-1.332471279,-8.47721609,6.626479246,-1.761261904,-3.108733222
-1.279407571,-8.419678923,6.60945749,-4.387984531,-3.163094709
-1.385478636,-8.516402234,6.59402339,1.092994943,-3.217281267
-1.303356768,-8.415623217,6.577802681,-0.404133159,-3.271290686
-1.282903637,-8.386853115,6.571673487,-2.808621517,-3.325120762
-1.357041442,-8.449497472,6.560904517,-1.191369835,-3.378769299
-1.335740314,-8.422438313,6.548166493,-4.383397639,-3.432234108
-1.422070796,-8.497976948,6.53790274,-0.039009087,-3.485513006
-1.370859155,-8.442035037,6.536866179,-2.371187214,-3.53860382
-1.449214194,-8.529392173,6.513199159,-2.719013722,-3.591504382
-1.55907272,-8.632865969,6.491077111,-2.148915177,-3.644212534
-1.673085292,-8.743015207,6.482890861,-2.798607308,-3.696726122
-1.745377813,-8.812830217,6.475700191,-6.535387792,-3.749043004
-1.7960053,-8.857732164,6.449115672,1.05120211,-3.801161044
-1.755071529,-8.803507203,6.437003565,0.384500107,-3.853078113
-1.658691811,-8.694344944,6.428556564,-4.447717156,-3.904792091
-1.777969275,-8.813437711,6.406516518,-3.322588598,-3.956300865
-1.804950808,-8.827107387,6.390474709,-4.437237396,-4.007602334
-1.955448888,-8.96988844,6.377971369,-3.334519197,-4.058694399
-2.067007684,-9.08214721,6.356176637,-0.950242002,-4.109574976
-2.093562877,-9.112753568,6.349060852,-9.154348043,-4.160241983
-2.278899722,-9.300576653,6.311833817,0.772407391,-4.210693352
-2.240230204,-9.249400535,6.295365697,-5.253997553,-4.260927021
-2.355393314,-9.357683841,6.268592511,-3.122637976,-4.310940936
-2.381547853,-9.382373648,6.252369522,-8.495273345,-4.360733054
-2.475610202,-9.457660506,6.215357111,-2.780108484,-4.410301338
-2.521453249,-9.49815054,6.200981614,-2.194636149,-4.459643763
-2.448845851,-9.400657605,6.188631643,-2.045047557,-4.508758311
-2.544736021,-9.501474015,6.163625946,-9.093683541,-4.557642973
-2.644039768,-9.577590558,6.127593731,-6.037313375,-4.606295751
-2.743208252,-9.673846121,6.101524685,-1.252264881,-4.654714653
-2.767402404,-9.682254585,6.078682291,-6.893080346,-4.7028977
-2.785531325,-9.672201623,6.046625778,-0.952114516,-4.75084292
-2.671841658,-9.528468627,6.032066156,-6.377475589,-4.798548351
-2.690345111,-9.522134179,5.998200114,-2.302955088,-4.846012041
-2.76579398,-9.585324381,5.977600468,-8.479940535,-4.893232047
-2.83958697,-9.646909133,5.941415075,-6.08867432,-4.940206436
-2.878389293,-9.666791365,5.921200581,-9.848915446,-4.986933286
-3.016734897,-9.788330048,5.878245819,-2.602486492,-5.033410682
-3.013643458,-9.765979446,5.85645818,-4.214792781,-5.079636721
-3.072709471,-9.80584632,5.833260599,-5.474483258,-5.12560951
-3.109533305,-9.820296747,5.81795169,-5.562031698,-5.171327166
-3.230674871,-9.942152324,5.790313065,-4.289549252,-5.216787815
-3.316438275,-10.01067046,5.770775355,-1.936638536,-5.261989595
-3.236771488,-9.919601711,5.755155844,-3.137086573,-5.306930652
-3.324293486,-10.00640271,5.733150164,-1.898051032,-5.351609145
-3.30428871,-9.970026408,5.718050598,-4.94254936,-5.396023241
-3.374597213,-10.02982182,5.685194672,-4.144657019,-5.44017112
-3.459307268,-10.11044075,5.658010287,-7.054862216,-5.48405097
-3.612671964,-10.25457438,5.619712321,-5.26893674,-5.527660992
-3.712773608,-10.33925285,5.585099713,-5.57064179,-5.570999397
-3.788961205,-10.39841869,5.561593426,-4.626474377,-5.614064405
-3.793731002,-10.38775439,5.534228864,-3.556313333,-5.656854249
-3.886717168,-10.46451985,5.520949263,-0.955724201,-5.699367174
-3.897748989,-10.46942248,5.510519861,-9.845548628,-5.741601432
-4.038487531,-10.59939205,5.469263247,-7.825396052,-5.783555289
-4.171168055,-10.71933455,5.429816386,-8.210885006,-5.825227023
-4.247717803,-10.78562054,5.388940292,-1.54221077,-5.86661492
-4.277781836,-10.81464802,5.376567935,-6.77809662,-5.90771728
-4.365920024,-10.87911918,5.355605103,-2.539275394,-5.948532413
-4.362325258,-10.85340237,5.340348725,-8.870347458,-5.989058642
-4.496753903,-10.97964476,5.310361534,-8.513647057,-6.029294299
-4.611054698,-11.08675489,5.286857608,-5.915678111,-6.06923773
-4.598660505,-11.04777618,5.25525217,-6.425800322,-6.108887291
-4.748200553,-11.18520412,5.23420901,-4.757423962,-6.148241351
-4.851039035,-11.2795956,5.216427123,-3.542850671,-6.187298288
-4.832941705,-11.23945822,5.188082899,-3.881589652,-6.226056496
-4.844121726,-11.23459643,5.155052109,-4.171595337,-6.264514378
-4.838808885,-11.21678025,5.121915845,-8.180596018,-6.302670349
-4.935730421,-11.29190706,5.083267194,-7.814545542,-6.340522838
-5.073016492,-11.42207734,5.052751334,-6.694987126,-6.378070283
-5.023829274,-11.33566309,5.023753251,-9.629116115,-6.415311137
-5.231859744,-11.52722544,4.97911043,-6.747085328,-6.452243863
-5.261721499,-11.53031401,4.952637961,-7.985508998,-6.488866939
-5.35897892,-11.61134844,4.918645462,-8.921521935,-6.525178852
-5.367503892,-11.582861,4.890001723,-4.70502885,-6.561178104
-5.406002299,-11.60698391,4.861560591,-3.075593925,-6.596863207
-5.423621455,-11.6122531,4.844235322,-2.083939848,-6.632232689
-5.4243993,-11.58802525,4.829622747,-7.617539917,-6.667285087
-5.394876428,-11.52247016,4.804611985,-6.930982878,-6.702018951
-5.412749818,-11.5142745,4.76797716,-1.776616586,-6.736432847
-5.423236852,-11.50191914,4.756528815,-7.631468738,-6.770525351
-5.43800462,-11.4846304,4.726709544,-10.45474931,-6.80429505
-5.628057316,-11.66012347,4.698473826,-10.60271701,-6.837740549
-5.712562144,-11.71076226,4.657765942,-1.939888944,-6.87086046
-5.705300821,-11.68290129,4.637537451,-4.028444034,-6.903653414
-5.616270891,-11.55768597,4.615443763,-4.520076005,-6.936118049
-5.584898925,-11.50609951,4.5861358,-5.602577374,-6.96825302
-5.499972164,-11.37821798,4.552410561,-5.437445011,-7.000056995
-5.556671334,-11.41312951,4.531377891,-2.865007209,-7.031528652
-5.529675623,-11.36293622,4.502961166,-5.712579618,-7.062666687
-5.53443755,-11.35238924,4.470597346,-5.564633385,-7.093469804
-5.534489583,-11.32480265,4.431624676,-11.68417747,-7.123936725
-5.682382148,-11.4531575,4.386986784,-6.532333432,-7.154066182
-5.774296046,-11.52945189,4.360725751,-11.05758974,-7.183856922
-5.932706109,-11.66585627,4.31533055,-8.100163479,-7.213307705
-6.056748358,-11.77479896,4.279552476,-11.39236257,-7.242417305
-6.185744622,-11.87093929,4.232584739,-6.831014583,-7.27118451
-6.239471774,-11.89748206,4.205392453,-10.58586049,-7.299608119
-6.310091739,-11.92980406,4.16789824,-7.868409018,-7.327686948
-6.362081185,-11.9471809,4.138346351,-10.94949456,-7.355419825
-6.46965824,-12.03125167,4.107431375,-8.716076153,-7.382805591
-6.551450276,-12.08567914,4.07397015,-10.57699217,-7.409843103
-6.691863852,-12.21281312,4.028510119,-3.663153964,-7.436531229
-6.746012447,-12.25653231,4.002816384,-7.196382265,-7.462868854
-6.69302912,-12.16229237,3.979021465,-6.84854429,-7.488854875
-6.673492085,-12.10330847,3.94014316,-10.27994571,-7.514488203
-6.714873299,-12.10381359,3.900925528,-4.7059728,-7.539767763
-6.77814854,-12.15471647,3.874747154,-9.048906523,-7.564692495
-6.823564738,-12.17916984,3.840471958,-3.828241144,-7.589261353
-6.849344053,-12.18969278,3.822881218,-3.39364493,-7.613473304
-6.739810002,-12.05017154,3.79761313,-11.99803204,-7.63732733
-6.809497702,-12.09635531,3.751053801,-9.576009183,-7.660822426
-6.882704323,-12.13795649,3.708843368,-6.91625507,-7.683957604
-6.892513418,-12.12672243,3.685212593,-4.243056858,-7.706731888
-6.882226076,-12.0986532,3.665133305,-12.32317792,-7.729144317
-7.057832621,-12.24591552,3.622798499,-4.874748575,-7.751193944
-7.0776958,-12.23274791,3.591522134,-6.973460066,-7.772879837
-7.133733094,-12.25564894,3.553939599,-11.1946587,-7.794201078
-7.194014348,-12.27728154,3.516510505,-12.45464997,-7.815156764
-7.286816437,-12.33956777,3.479248429,-10.03276651,-7.835746006
-7.353572024,-12.37732528,3.42999128,-4.167708116,-7.85596793
-7.244343864,-12.22345429,3.401853749,-6.377859549,-7.875821676
-7.236959349,-12.18959731,3.36222011,-12.27651455,-7.895306399
-7.32277946,-12.24142492,3.316011502,-8.884551477,-7.914421269
-7.322040051,-12.21204177,3.277656512,-8.522819976,-7.93316547
-7.398395873,-12.25995646,3.230972926,-7.557107405,-7.951538202
-7.488026143,-12.33226146,3.192224365,-6.895082378,-7.969538677
-7.584248993,-12.41387174,3.160686972,-10.13438092,-7.987166126
-7.634585813,-12.4391978,3.128693918,-8.022885906,-8.00441979
-7.656423874,-12.42440103,3.093943189,-4.649791689,-8.021298928
-7.713887376,-12.47041619,3.06490371,-3.649922069,-8.037802815
-7.634256443,-12.36096599,3.035558133,-5.375400112,-8.053930736
-7.532669459,-12.23114328,3.010068767,-7.961784839,-8.069681997
-7.479850815,-12.13761676,2.982714247,-6.823612913,-8.085055914
-7.577525295,-12.21506275,2.954269442,-6.009221487,-8.10005182
-7.617140844,-12.23258461,2.916993234,-6.634242698,-8.114669064
-7.659424177,-12.24555998,2.88529054,-6.384606912,-8.128907008
-7.675064768,-12.22747533,2.855185283,-11.82457573,-8.142765031
-7.802807383,-12.33418527,2.81161766,-7.813649365,-8.156242526
-7.901780226,-12.40474139,2.771318352,-3.575091681,-8.1693389
-7.859030467,-12.32962781,2.748331207,-9.58232613,-8.182053578
-7.939384322,-12.371009,2.710427552,-3.731908922,-8.194385998
-7.780338951,-12.16732574,2.673702325,-9.257490847,-8.206335614
-7.834842099,-12.19556785,2.636201863,-10.38796212,-8.217901895
-7.821449547,-12.1367801,2.602323736,-12.43755015,-8.229084324
-7.90819728,-12.18774976,2.554714374,-4.902674174,-8.239882402
-7.778403512,-12.01098825,2.530846145,-13.13116011,-8.250295643
-7.904406423,-12.10979888,2.488388791,-11.16183338,-8.260323577
-7.915925881,-12.08382412,2.437037695,-11.33241844,-8.26996575
-7.985206069,-12.12355242,2.389009958,-12.96270269,-8.279221721
-8.025470232,-12.13290161,2.341108089,-8.647107584,-8.288091068
-8.02409086,-12.09806101,2.293058195,-11.27671825,-8.296573381
-8.038085382,-12.0665955,2.244343859,-8.786289838,-8.304668267
-8.140548099,-12.14336448,2.204905486,-6.776857889,-8.312375349
-8.132157612,-12.11117908,2.171306786,-9.77344576,-8.319694263
-8.190655641,-12.1307988,2.122441271,-8.10383411,-8.326624662
-8.147133409,-12.04805894,2.089837116,-6.298540183,-8.333166216
-8.178984757,-12.05373191,2.046544558,-12.97875712,-8.339318607
-8.257581769,-12.09805373,1.997413107,-12.64627461,-8.345081535
-8.433942438,-12.25682366,1.946278903,-7.973016374,-8.350454715
-8.525529867,-12.323143,1.909201211,-4.044624124,-8.355437877
-8.366461709,-12.11751551,1.873805682,-7.009273808,-8.360030767
-8.315127001,-12.02397037,1.837322118,-12.33830697,-8.364233145
-8.423568039,-12.10878063,1.78895845,-10.50202329,-8.368044789
-8.548747368,-12.21388067,1.745940665,-9.150367206,-8.371465491
-8.485291154,-12.10808965,1.710035873,-4.113455505,-8.374495058
-8.470065292,-12.06158743,1.680756554,-4.423205434,-8.377133315
-8.4190602,-11.9729998,1.654981766,-5.712812897,-8.379380098
-8.309423284,-11.82593379,1.618205601,-10.32682116,-8.381235264
-8.266866707,-11.74611514,1.5808435,-8.957097401,-8.382698682
-8.245353325,-11.67534461,1.539938686,-10.56506918,-8.383770238
-8.373300546,-11.7751543,1.49815748,-6.296135613,-8.384449832
-8.371666068,-11.73388618,1.472031156,-3.840947979,-8.384737382
-8.202954736,-11.51896624,1.438685922,-10.50686655,-8.384632819
-8.235401038,-11.51305755,1.402042267,-11.55761797,-8.384136091
-8.296096998,-11.52706992,1.350011718,-11.16665126,-8.383247162
-8.368287875,-11.56051224,1.308930321,-7.867268686,-8.381966011
-8.387731601,-11.54841857,1.280345088,-6.374599615,-8.380292632
-8.312535975,-11.44122989,1.242924134,-7.202284742,-8.378227036
-8.296123951,-11.39006714,1.204505646,-12.75836891,-8.375769247
-8.458295496,-11.52319921,1.1538126,-6.28961956,-8.372919308
-8.511089446,-11.54664758,1.125061991,-11.67509175,-8.369677275
-8.637083279,-11.64715205,1.0795678,-12.97226054,-8.36604322
-8.737292793,-11.72000704,1.042001,-13.01872742,-8.362017233
-8.861195083,-11.81546452,0.995546665,-8.090853301,-8.357599415
-8.902827719,-11.81982095,0.950595844,-10.20857256,-8.352789887
-8.974314316,-11.85960486,0.903128949,-6.736337549,-8.347588783
-8.981348929,-11.83653421,0.858828272,-4.917817229,-8.341996253
-8.843213759,-11.65483142,0.822767071,-3.346403491,-8.336012464
-8.753868841,-11.52518719,0.796317383,-5.143354057,-8.329637596
-8.785234089,-11.5335653,0.769136358,-9.018524485,-8.322871846
-8.773958056,-11.48438561,0.731140038,-8.060769853,-8.315715427
-8.860535275,-11.5342376,0.688137683,-9.030750745,-8.308168568
-8.856000473,-11.49220234,0.658261835,-7.988345268,-8.30023151
-8.808008136,-11.41033187,0.614600997,-9.768951006,-8.291904514
-8.754636153,-11.30935053,0.576956293,-10.480126,-8.283187853
-8.866185189,-11.39703133,0.525578415,-9.543392548,-8.274081818
-8.794429838,-11.28281863,0.486403022,-5.889612029,-8.264586714
-8.688985411,-11.12602311,0.44790871,-7.511275086,-8.254702862
-8.612562544,-11.0015725,0.410712536,-5.381174623,-8.244430598
-8.460931983,-10.80204007,0.387695388,-10.36095712,-8.233770274
-8.495208973,-10.78826717,0.353398741,-9.106481249,-8.222722257
-8.451804233,-10.69614809,0.306840627,-4.398262528,-8.21128693
-8.364043687,-10.56894917,0.269596449,-7.527767207,-8.199464691
-8.379061873,-10.55036866,0.224293048,-7.739292571,-8.187255953
-8.33837881,-10.46082008,0.183492059,-5.376370118,-8.174661144
-8.28382953,-10.37366665,0.143923232,-8.815693988,-8.161680709
-8.334172606,-10.38071716,0.095279035,-7.986362853,-8.148315107
-8.234324721,-10.23173783,0.067534301,-12.46977861,-8.134564813
-8.230794801,-10.1770737,0.023295064,-5.332882328,-8.120430316
-8.17799212,-10.08719333,-0.002059241,-4.824236065,-8.105912123
-8.193584358,-10.06739004,-0.034608079,-10.43666899,-8.091010752
-8.262132262,-10.09945438,-0.067822383,-10.4519951,-8.075726741
-8.224406025,-10.01336447,-0.109642723,-4.066645219,-8.060060639
-8.095698463,-9.841639129,-0.142771567,-10.93869833,-8.044013014
-8.131465086,-9.841500959,-0.195274131,-4.130227184,-8.027584446
-8.131800519,-9.812557073,-0.223336231,-10.20696348,-8.010775531
-8.24747568,-9.902457447,-0.263830849,-6.390536819,-7.993586882
-8.261030159,-9.87923576,-0.301645852,-8.865169566,-7.976019124
-8.231797127,-9.812640627,-0.346956684,-7.346958853,-7.958072899
-8.199594356,-9.739533042,-0.391072224,-8.736561946,-7.939748865
-8.163024211,-9.661181691,-0.419823493,-9.475386286,-7.921047692
-8.226609225,-9.698640381,-0.462957044,-9.74472491,-7.901970068
-8.344684763,-9.783370685,-0.493605435,-11.69806832,-7.882516694
-8.368508799,-9.770551066,-0.532874254,-10.66187475,-7.862688286
-8.350593934,-9.700605652,-0.565559567,-9.893196694,-7.842485577
-8.325124843,-9.634055164,-0.614023612,-3.170448218,-7.821909312
-8.231188434,-9.511533522,-0.63340665,-11.98966382,-7.800960253
-8.343489718,-9.586413852,-0.687593007,-3.412121085,-7.779639176
-8.267686445,-9.472192091,-0.707041729,-6.902374883,-7.757946871
-8.150566564,-9.304379164,-0.743825395,-7.606601003,-7.735884145
-8.176906193,-9.301968184,-0.77200515,-11.13543808,-7.713451817
-8.16611312,-9.24568092,-0.809386651,-4.822263658,-7.690650723
-8.003113182,-9.045114182,-0.847267934,-8.253804158,-7.667481712
-7.907814717,-8.903361382,-0.880962881,-9.965845722,-7.643945649
-7.945314565,-8.895910409,-0.919380669,-5.097486587,-7.620043412
-7.843092846,-8.746221795,-0.951266374,-7.178170207,-7.595775895
-7.851929499,-8.710757771,-0.99352975,-6.174347065,-7.571144006
-7.877060095,-8.699827167,-1.024510284,-4.896760494,-7.546148667
-7.908067235,-8.704384619,-1.044530461,-4.408341152,-7.520790816
-7.893366977,-8.662503336,-1.076620844,-3.44608942,-7.495071402
-7.781918276,-8.513058314,-1.110784543,-7.059644642,-7.468991393
-7.761895772,-8.450033455,-1.151470507,-7.989424453,-7.442551769
-7.741069246,-8.399331081,-1.191814156,-7.002912832,-7.415753523
-7.721360597,-8.335961594,-1.226740617,-5.621648577,-7.388597663
-7.638414549,-8.215370842,-1.257272746,-12.15558897,-7.361085214
-7.671923808,-8.197502223,-1.306897451,-5.867526377,-7.333217212
-7.598406485,-8.084809507,-1.339899654,-11.39913438,-7.304994708
-7.708596932,-8.156505642,-1.391514368,-8.722402371,-7.276418767
-7.732819478,-8.143532014,-1.421631273,-7.12425342,-7.247490469
-7.767681053,-8.155376441,-1.449957469,-9.738439076,-7.218210907
-7.755230693,-8.108629434,-1.48358363,-4.547540507,-7.188581188
-7.664051878,-7.970892505,-1.513961325,-9.59079847,-7.158602433
-7.767902597,-8.037499045,-1.555866556,-2.620987783,-7.128275778
-7.669767008,-7.894060056,-1.585209656,-2.148186377,-7.097602371
-7.557944884,-7.741436943,-1.604850874,-6.390532859,-7.066583375
-7.578228139,-7.722151371,-1.632489153,-3.111973001,-7.035219966
-7.464153719,-7.559432755,-1.652336055,-9.944649738,-7.003513335
-7.503319457,-7.570853759,-1.700106438,-4.570047555,-6.971464686
-7.345324836,-7.3686199,-1.718281098,-3.732897563,-6.939075235
-7.313325141,-7.3112659,-1.737529193,-3.466391122,-6.906346214
-7.286168242,-7.251560163,-1.762081505,-8.868237725,-6.873278868
-7.254799616,-7.186977234,-1.801802496,-3.752682955,-6.839874453
-7.120813373,-7.01117065,-1.828376315,-8.0095955,-6.806134243
-7.199672379,-7.056900812,-1.855768511,-10.1396279,-6.77205952
-7.18369097,-6.98841684,-1.899653189,-9.274818888,-6.737651584
-7.286582805,-7.063246574,-1.937665412,-10.91262434,-6.702911746
-7.300696022,-7.036865173,-1.986519957,-7.616543573,-6.667841329
-7.325216157,-7.023570304,-2.025487828,-10.25883622,-6.632441672
-7.35308949,-7.006132806,-2.06883684,-7.615582441,-6.596714126
-7.358461962,-6.967389737,-2.110268494,-6.120293302,-6.560660054
-7.306136589,-6.886313095,-2.13998007,-10.43772956,-6.524280833
-7.325383454,-6.86242641,-2.174553834,-2.029424894,-6.487577853
-7.171077454,-6.677472019,-2.194415999,-1.522325232,-6.450552516
-6.967562592,-6.434688338,-2.213447174,-5.148498037,-6.413206238
-6.857295058,-6.29173549,-2.240406306,-9.408676653,-6.375540447
-6.847604657,-6.233581045,-2.267910621,-5.354769608,-6.337556584
-6.891291085,-6.257884435,-2.290725424,-7.100968736,-6.299256102
-6.793517183,-6.105924176,-2.327006175,-5.754135254,-6.260640468
-6.840357466,-6.133315737,-2.361317831,-6.562415088,-6.221711161
-6.833558271,-6.089732875,-2.382780566,-6.007489669,-6.182469671
-6.801576044,-6.029570894,-2.404204373,-7.175360545,-6.142917503
-6.722374493,-5.912987842,-2.427643996,-7.942733076,-6.103056173
-6.784783882,-5.937515948,-2.457213281,-2.229739244,-6.062887208
-6.664302583,-5.783339703,-2.480675485,-10.8491369,-6.022412149
-6.681968407,-5.762587738,-2.524375113,-4.299944557,-5.98163255
-6.666017566,-5.714751192,-2.553584623,-7.326765367,-5.940549975
-6.668989469,-5.67545972,-2.594798822,-3.338602326,-5.899166001
-6.612274575,-5.58776429,-2.627093383,-4.467701601,-5.857482217
-6.603693397,-5.559162936,-2.658074721,-2.454279922,-5.815500224
-6.564612172,-5.487991328,-2.688376953,-9.196810063,-5.773221634
-6.679626585,-5.568842042,-2.718724186,-10.22664555,-5.730648074
-6.742966603,-5.591496096,-2.7633405,-4.355143566,-5.687781178
-6.670280985,-5.478466829,-2.788103488,-2.322744425,-5.644622594
-6.576677617,-5.349937,-2.810936476,-9.424116584,-5.601173984
-6.652726978,-5.395454232,-2.842074869,-6.522599864,-5.557437017
-6.540067195,-5.233169744,-2.877282659,-4.630434142,-5.513413377
-6.515325351,-5.175425697,-2.902530337,-1.438057861,-5.469104757
-6.31610382,-4.924589452,-2.923732074,-8.782148079,-5.424512863
-6.317298734,-4.895667461,-2.962421806,-4.004349404,-5.379639413
-6.254900654,-4.804943185,-2.988579408,-1.865999976,-5.334486133
-6.097451872,-4.613868242,-3.002346065,-4.69450111,-5.289054763
-6.100391084,-4.586429759,-3.036962864,-2.433721332,-5.243347054
-5.957249541,-4.401382985,-3.05047021,-1.82499725,-5.197364767
-5.941329731,-4.356120075,-3.063191465,-2.144391992,-5.151109673
-5.941253843,-4.336402969,-3.078642789,-4.895836845,-5.104583557
-5.911359923,-4.27887077,-3.09967867,-6.354993843,-5.057788211
-5.97622034,-4.323884284,-3.135461918,-2.684573753,-5.010725441
-5.83101882,-4.130912382,-3.158776325,-8.564904,-4.963397061
-5.910915949,-4.192634851,-3.186481047,-6.917686523,-4.915804899
-5.974611728,-4.237082535,-3.20748064,-4.07409411,-4.867950789
-5.986765788,-4.224684283,-3.221116466,-9.641011534,-4.81983658
-6.002221264,-4.200418768,-3.2590641,-9.633568999,-4.771464127
-6.119838985,-4.29146267,-3.289456096,-0.01195201,-4.7228353
-5.959886115,-4.104117604,-3.310373792,-6.577854504,-4.673951975
-5.888650647,-3.988997458,-3.336134497,-5.49694527,-4.62481604
-5.813093175,-3.875427762,-3.356410829,-3.842707228,-4.575429394
-5.671694832,-3.685174875,-3.378922706,-1.271616398,-4.525793945
-5.544796289,-3.519308461,-3.39058087,-5.332652054,-4.47591161
-5.446272606,-3.377435765,-3.409231162,-7.354967834,-4.425784317
-5.441060313,-3.33079182,-3.434731413,-9.184189978,-4.375414004
-5.502338247,-3.362358177,-3.473318166,-1.964719475,-4.324802618
-5.332878045,-3.158324211,-3.493648322,-5.535236866,-4.273952116
-5.402994285,-3.208578286,-3.510101676,-5.20931037,-4.222864464
-5.476733987,-3.263286813,-3.531695864,-6.528075045,-4.171541639
-5.504325528,-3.263919221,-3.568509435,-8.096916838,-4.119985625
-5.478090331,-3.21017971,-3.604100292,-0.558372281,-4.068198418
-5.382162385,-3.091436961,-3.618342463,-8.399590471,-4.016182021
-5.408134819,-3.081128644,-3.640911184,-6.532424381,-3.963938447
-5.423700602,-3.062382771,-3.672006755,-0.589991003,-3.911469718
-5.30425212,-2.921471555,-3.694944428,-4.71093799,-3.858777866
-5.278321087,-2.874116714,-3.718396882,-3.700502066,-3.805864929
-5.208823917,-2.781179921,-3.746052629,-8.613493052,-3.752732959
-5.222239117,-2.765025835,-3.771570297,-0.708857588,-3.69938401
-5.191821484,-2.711145999,-3.782827641,-5.123459245,-3.645820151
-5.07730793,-2.552932818,-3.811116508,-5.436294906,-3.592043456
-5.100034937,-2.546450314,-3.825132242,-3.2871573,-3.538056008
-5.019242776,-2.424443954,-3.84493249,-5.089340868,-3.4838599
-5.054257547,-2.427164164,-3.866728283,-7.791746882,-3.42945723
-5.120738453,-2.462663731,-3.886338565,-2.309779404,-3.374850109
-5.117848442,-2.429471489,-3.898333562,0.637277979,-3.320040651
-4.921166681,-2.202442496,-3.899378307,-5.203312382,-3.265030983
-4.820700018,-2.057359518,-3.916272731,-1.655014775,-3.209823236
-4.766697442,-1.978593954,-3.928076955,-3.72139298,-3.154419552
-4.794670413,-1.983733937,-3.954572953,-2.081691244,-3.098822078
-4.647821907,-1.805747037,-3.972726393,-0.577368805,-3.043032971
-4.528917285,-1.651634626,-3.975775989,-5.348804804,-2.987054396
-4.543284699,-1.640754361,-3.992793551,2.0119175,-2.930888523
-4.474285191,-1.550553117,-3.994958166,-1.851450237,-2.874537531
-4.335671235,-1.373249429,-4.002810939,-2.156218246,-2.818003607
-4.298708611,-1.310129203,-4.017427312,-6.297417067,-2.761288945
-4.387336953,-1.384990888,-4.048279954,-4.397401385,-2.704395746
-4.381394959,-1.344432094,-4.075254413,1.000145609,-2.647326218
-4.31271762,-1.26224741,-4.086089962,2.282694329,-2.590082575
-4.230563788,-1.167372324,-4.086595778,-0.941606599,-2.532667041
-4.20650808,-1.127865291,-4.103390419,-1.491046046,-2.475081844
-4.138412264,-1.038733595,-4.112043667,-5.211656834,-2.417329221
-4.115545524,-0.980083606,-4.142527034,-3.983763931,-2.359411414
-4.141529328,-0.982753003,-4.155345789,-1.891124688,-2.301330671
-4.008053742,-0.821572694,-4.163006494,-0.330284759,-2.24308925
-3.876305706,-0.668825067,-4.174804868,-4.229372825,-2.184689412
-3.879411281,-0.658294815,-4.197403832,-2.12683212,-2.126133427
-3.729127692,-0.470063592,-4.207044709,1.420630023,-2.067423568
-3.508043712,-0.218587616,-4.209802731,-2.58046021,-2.008562117
-3.559413876,-0.249040084,-4.233074946,0.272465958,-1.949551361
-3.422407467,-0.086272969,-4.245133806,1.755915201,-1.890393593
-3.277350257,0.079060572,-4.259362689,-2.748687351,-1.831091113
-3.25546986,0.123452846,-4.276068792,-4.526898548,-1.771646225
-3.320575503,0.070005367,-4.293298829,0.235019025,-1.712061241
-3.209222081,0.200009081,-4.311886329,-5.3449956,-1.652338476
-3.169022636,0.265708776,-4.337107517,-0.477776399,-1.592480251
-2.994894365,0.478423801,-4.340219498,-2.267942747,-1.532488896
-3.00095883,0.492689491,-4.349925361,-0.194682095,-1.472366741
-2.894147735,0.615953941,-4.3634378,-2.443834321,-1.412116126
-2.838838214,0.69285765,-4.369949633,0.875854068,-1.351739393
-2.690759632,0.877749804,-4.375934512,-3.201656982,-1.291238891
-2.592854435,1.011245857,-4.382678889,1.773522983,-1.230616972
-2.546216529,1.072125934,-4.392828878,2.538702618,-1.169875995
-2.327450667,1.313460517,-4.399098598,2.562915046,-1.109018323
-2.145543879,1.526462876,-4.402177601,-0.479574336,-1.048046324
-2.143335546,1.551608883,-4.416133332,2.380018224,-0.986962369
-2.001516421,1.716880461,-4.422588409,-4.180235461,-0.925768835
-2.011111089,1.73494154,-4.436767768,3.605661782,-0.864468105
-1.766727992,2.004842305,-4.429784112,-1.290758161,-0.803062563
-1.778366004,2.004461637,-4.438171327,-1.319384979,-0.741554599
-1.702284519,2.10883199,-4.456526699,3.424976663,-0.679946608
-1.525059087,2.300073155,-4.455766536,2.776185411,-0.618240987
-1.403792233,2.441140257,-4.4605214,-0.002797287,-0.556440138
-1.302061361,2.564666921,-4.476934983,3.041270517,-0.494546467
-1.085401013,2.800937551,-4.474906978,4.247606942,-0.432562385
-0.954253287,2.944080276,-4.468027678,0.219802179,-0.370490304
-0.962602803,2.936775504,-4.465968909,1.31051152,-0.30833264
-0.832326324,3.083946407,-4.472125304,-0.844147785,-0.246091816
-0.816108985,3.11196797,-4.481433515,-3.927565155,-0.183770254
-0.820232428,3.134340524,-4.499593315,4.657371405,-0.121370382
-0.685451175,3.287275218,-4.505287318,2.126979676,-0.05889463
-0.631364206,3.344411783,-4.508734824,1.703885639,0.003654569
-0.490310397,3.502483155,-4.502750606,-1.592278932,0.066274779
-0.562394325,3.432563841,-4.506857515,4.37724738,0.128963558
-0.437820373,3.564990566,-4.512892524,-3.847917686,0.191718467
-0.471654362,3.54577295,-4.534850813,3.566416606,0.254537059
-0.274377688,3.773902266,-4.531860016,-1.270097143,0.317416888
-0.211831604,3.86342281,-4.546878989,5.115985626,0.380355502
-0.129514803,3.956575159,-4.54764256,-1.532314569,0.44335045
-0.205814981,3.880780797,-4.556973404,-0.066817462,0.506399277
-0.188319198,3.915071221,-4.569468604,1.269733362,0.569499525
-0.13310361,3.978940057,-4.570168125,4.029043184,0.632648736
0.05171039,4.194237424,-4.565863788,3.598794254,0.695844448
0.203361554,4.358707343,-4.558275959,-1.883439903,0.759084198
0.20351525,4.366521744,-4.564986255,-0.854694759,0.822365521
0.19302705,4.367831917,-4.570038291,4.420363515,0.88568595
0.366021776,4.563425608,-4.570984542,-2.774044203,0.949043017
0.353077535,4.560122244,-4.584083021,1.42622635,1.012434251
0.353189461,4.562992192,-4.587125528,1.175671755,1.075857182
0.4283121,4.661387046,-4.588241611,2.139528263,1.139309335
0.465653347,4.710787152,-4.579692613,5.145837951,1.202788238
0.533451802,4.79281449,-4.568298549,-0.448208333,1.266291415
0.579461382,4.855530174,-4.580033026,2.441657926,1.329816389
0.718832511,5.012131341,-4.581483268,4.238365797,1.393360683
0.798899447,5.110785776,-4.577270899,-0.697384422,1.456921819
0.89185167,5.228959188,-4.58728732,-2.917145097,1.520497317
0.843064296,5.183283795,-4.588865266,-2.915459244,1.584084699
0.830113967,5.180039328,-4.590340661,-2.308489381,1.647681484
0.787837821,5.151275621,-4.607032119,-2.937688814,1.711285191
0.777960731,5.147910364,-4.606810123,1.805070096,1.774893339
0.796545051,5.172479564,-4.610218862,4.310193972,1.838503447
0.946782071,5.329460959,-4.604980622,5.436439676,1.902113033